number_sample,decade_site,class_site,number_site,date_site,road_site,siteID,number_tree,dbh_tree,health_tree,bark_tree,pycnidia_tree,ridge_tree,crack_tree,margin_tree,dieback_tree,infection_sample,symptom_sample,Canopy.Dieback,Notes
408,50,U,6,NA,NA,NA,1,NA,NA,NA,NA,NA,NA,NA,NA,0,NA,NA,NA
409,50,U,6,NA,NA,NA,2,NA,NA,NA,NA,NA,NA,NA,NA,0,NA,NA,NA
414,50,U,6,NA,NA,NA,7,NA,NA,NA,NA,NA,NA,NA,NA,1,NA,NA,NA
415,50,U,6,NA,NA,NA,8,NA,NA,NA,NA,NA,NA,NA,NA,0,NA,NA,NA
416,50,U,6,NA,NA,NA,9,NA,NA,NA,NA,NA,NA,NA,NA,0,NA,NA,NA
417,50,U,6,NA,NA,NA,10,NA,NA,NA,NA,NA,NA,NA,NA,1,NA,NA,NA
410,50,U,6,NA,NA,NA,3,NA,NA,NA,NA,NA,NA,NA,NA,0,NA,NA,NA
411,50,U,6,NA,NA,NA,4,NA,NA,NA,NA,NA,NA,NA,NA,0,NA,NA,NA
412,50,U,6,NA,NA,NA,5,NA,NA,NA,NA,NA,NA,NA,NA,0,NA,NA,NA
413,50,U,6,NA,NA,NA,6,NA,NA,NA,NA,NA,NA,NA,NA,1,NA,NA,NA
554,60,0,6,209,NA,60F06,31,3.5,1,orange,0,0,0,1,0,1,1,canopy_no,
585,70,0,1,219,NA,70F01,31,4.5,1,orange/red,1,1,1,1,0,1,1,canopy_no,
592,70,0,1,219,NA,70F01,8,8.5,1,green,0,1,0,1,0,1,1,canopy_healthy,
595,70,0,1,219,NA,70F01,33,4,1,orange,0,0,0,1,0,1,1,canopy_no,
596,70,0,1,219,NA,70F01,34,4.5,1,orange,0,0,0,1,0,1,1,"canopy_leaves,canopy_no",
597,70,0,1,219,NA,70F01,35,4.5,1,green,0,0,0,1,0,1,1,canopy_no,
608,70,0,3,214,NA,70F03,31,5.3,1,green,0,0,0,1,0,1,1,canopy_no,
609,70,0,3,214,NA,70F03,32,5.1,1,black,0,0,0,1,0,1,1,canopy_no,
610,70,0,3,214,NA,70F03,33,4.8,1,black,1,1,0,1,0,1,1,canopy_no,
611,70,0,3,214,NA,70F03,34,5.5,1,green,1,0,0,1,0,1,1,canopy_no,
612,70,0,3,214,NA,70F03,35,4.3,1,green,1,1,1,1,0,1,1,canopy_no,
623,70,0,9,213,NA,70F09,31,5,1,orange,0,0,0,1,0,1,1,canopy_no,
654,70,0,15,219,NA,70F15,31,3,1,orange,0,0,0,1,0,1,1,canopy_no,
656,70,0,16,219,NA,70F16,31,5.1,1,orange,0,0,0,1,0,1,1,canopy_no,
677,70,0,23,214,NA,70F23,32,5.5,1,orange,0,0,0,1,0,1,1,canopy_no,
679,70,0,23,214,NA,70F23,35,5,1,green,0,0,0,1,0,1,1,canopy_no,
680,70,0,23,214,NA,70F23,31,6.8,1,orange,0,0,0,1,0,1,1,canopy_no,
681,70,0,23,214,NA,70F23,36,8.2,1,orange,0,0,0,1,0,1,1,canopy_no,
688,70,0,25,211,NA,70F25,32,8,1,orange,1,0,0,1,0,1,1,canopy_no,
708,70,0,27,215,NA,70F27,31,5.3,1,orange/red,1,1,1,1,0,1,1,canopy_no,NOW 70F36
709,70,0,27,215,NA,70F27,32,5.8,1,orange/red,0,0,0,1,0,1,1,canopy_no,NOW 70F36
711,70,0,27,215,NA,70F27,34,4.5,1,orange/red,1,1,1,1,0,1,1,canopy_no,NOW 70F36
712,70,0,27,215,NA,70F27,35,4.9,1,orange/red,1,0,0,1,0,1,1,canopy_no,NOW 70F36
734,70,0,32,178,NA,70F32,4,11.2,1,green,0,0,0,1,0,1,1,canopy_healthy,
736,70,0,32,178,NA,70F32,7,11.3,1,green,0,0,0,1,0,1,1,canopy_no,
753,70,0,34,220,NA,70F34,31,3.7,1,black,0,1,0,1,0,1,1,canopy_no,
759,70,0,34,220,NA,70F34,32,3.5,1,orange/red,1,1,0,1,0,1,1,canopy_no,
760,70,0,34,220,NA,70F34,33,4,1,orange/red,1,1,0,1,0,1,1,canopy_no,
810,80,0,13,169,NA,80F13,33,2.9,0,orange,0,0,0,1,0,1,1,0,
811,80,0,13,169,NA,80F13,34,4.5,1,green,0,0,0,1,1,1,1,canopy_yes,
812,80,0,13,169,NA,80F13,35,6.3,1,green/orange,0,0,0,1,0,1,1,canopy_no,
813,80,0,13,169,NA,80F13,36,4.6,1,green/orange,0,0,0,1,0,1,1,canopy_no,
822,80,0,14,169,NA,80F14,16,23.2,1,green,0,0,1,1,0,1,1,canopy_leaves,
856,80,0,33,190,NA,80F33,31,1.1,1,orange/red,1,0,0,1,0,1,1,canopy_no,
859,80,0,33,190,NA,80F33,34,1.2,1,orange/red,1,0,0,1,0,1,1,"canopy_leaves,canopy_no",
873,80,0,35,190,NA,80F35,11,2.4,1,black,1,1,0,1,0,1,1,canopy_no,
880,80,0,35,190,NA,80F35,12,3.7,1,black,1,1,0,1,0,1,1,canopy_no,
883,80,0,35,190,NA,80F35,33,2.5,1,orange/red,1,0,0,1,0,1,1,canopy_no,
884,80,0,35,190,NA,80F35,32,1.8,1,black,1,0,0,1,0,1,1,canopy_no,
885,80,0,35,190,NA,80F35,31,2,1,orange/red,1,0,0,1,0,1,1,canopy_no,
896,80,0,36,190,NA,80F36,31,2,0,black,1,1,0,1,0,1,1,0,
922,80,0,6,171,NA,80F6,31,5,1,orange,0,1,0,1,0,1,1,canopy_no,
923,80,0,6,171,NA,80F6,32,6.7,1,green,0,0,0,1,0,1,1,canopy_death,
952,90,0,4,177,NA,90F4,13,3.1,1,orange,0,0,0,1,0,1,1,"canopy_leaves,canopy_no",
957,90,0,4,177,NA,90F4,32,3.1,1,black,1,0,0,1,0,1,1,canopy_no,
958,90,0,4,177,NA,90F4,31,2.2,1,orange/red,0,0,0,1,0,1,1,"canopy_no,canopy_leaves",
959,90,0,4,177,NA,90F4,33,2.5,1,green/orange,0,0,0,1,0,1,1,"canopy_no,canopy_leaves",
960,90,0,4,177,NA,90F4,34,2.7,1,orange/red,0,0,0,1,0,1,1,"canopy_no,canopy_leaves",
961,90,0,4,177,NA,90F4,35,3,1,green,0,1,0,1,0,1,1,"canopy_no,canopy_leaves",
962,90,0,1,192,NA,90M1,31,1,1,black,1,0,0,1,0,NA,1,"canopy_no,canopy_leaves",
963,NEAR 80,0,R 80F24,224,NA,NEAR 80F24,31,14.8,1,green,1,0,1,1,1,1,1,"canopy_thinning,canopy_yes",
369,50,B,1,212,234.3872134,50B1,19,7.1,0,orange/red,1,1,0,1,NA,1,1,NA,NA
370,50,B,4,213,608.0003865,50B4,14,14.6,0,orange/red,1,1,0,1,NA,1,1,NA,NA
127,60,B,6,191,373.2879963,60B6,16,9,1,orange/red,0,0,0,1,NA,1,1,NA,NA
132,60,B,6,191,373.2879963,60B6,21,25.8,0,orange/red,0,0,1,1,NA,1,1,NA,NA
385,60,C,3,186,229.6041878,60C3,12,11.4,0,orange/red,1,1,0,1,NA,1,1,NA,NA
143,60,C,7,191,355.8487553,60C7,13,4,0,orange/red,0,0,0,1,NA,1,1,NA,NA
390,60,M,6,191,547.9144516,60M6,15,6.7,1,orange/red,1,1,0,1,NA,1,1,NA,NA
391,60,M,6,191,547.9144516,60M6,18,7.5,0,orange/red,1,0,1,1,NA,1,1,NA,NA
398,90,U,4,165,500.2062126,90U4,6,2.2,1,green,1,0,0,1,NA,1,1,NA,NA
500,0,0,3,183,NA,00F03,31,2.4,1,green,0,0,0,0,0,1,0,canopy_healthy,
501,0,0,3,183,NA,00F03,32,2,1,green,0,0,0,0,0,1,0,canopy_healthy,
502,0,0,3,183,NA,00F03,33,2.3,1,green,0,0,0,0,0,0,0,canopy_healthy,
503,0,0,3,183,NA,00F03,34,1.8,1,green,0,0,0,0,0,0,0,canopy_healthy,
504,0,0,3,183,NA,00F03,35,2.3,1,green,0,0,0,0,0,1,0,canopy_healthy,
505,0,0,5,185,NA,00F05,31,1.8,1,green,0,0,0,0,0,1,0,canopy_healthy,
506,0,0,5,185,NA,00F05,32,2.6,1,green,0,0,0,0,0,0,0,canopy_healthy,
507,0,0,5,185,NA,00F05,33,0.6,1,green,0,0,0,0,0,1,0,canopy_healthy,
508,0,0,5,185,NA,00F05,34,0.4,1,green,0,0,0,0,0,1,0,canopy_healthy,
509,0,0,5,185,NA,00F05,35,1,1,green,0,0,0,0,0,1,0,canopy_healthy,
510,50,0,5,158,NA,50F05,1,7.2,1,green/grey,0,0,0,0,0,0,0,canopy_no,
511,50,0,5,158,NA,50F05,5,11.7,1,green/grey,0,0,0,0,1,1,1,canopy_yes,
512,50,0,5,158,NA,50F05,9,9.4,1,green/grey,0,0,0,0,1,1,1,canopy_yes,
513,50,0,5,158,NA,50F05,11,16.7,1,green,0,0,0,0,0,1,0,canopy_no,
514,50,0,5,158,NA,50F05,13,7,1,green/grey,0,0,0,0,0,0,0,canopy_no,
515,50,0,5,158,NA,50F05,14,7.4,1,green/grey,0,0,0,0,0,0,0,canopy_no,
516,50,0,5,158,NA,50F05,15,5.5,0,green/grey,1,0,0,0,0,1,1,canopy_no,
517,50,0,5,158,NA,50F05,16,6.5,0,orange,0,0,0,0,0,1,0,canopy_no,
518,50,0,5,158,NA,50F05,17,6,0,black,0,1,1,0,0,0,1,canopy_no,
519,50,0,5,158,NA,50F05,18,6.1,0,black,0,0,0,0,0,0,0,canopy_no,
520,50,0,5,158,NA,50F05,19,7.7,0,green/grey,1,0,0,0,0,1,1,canopy_no,
521,50,0,15,172,NA,50F15,31,17.7,1,green/orange,0,0,0,0,0,0,0,canopy_no,
522,50,0,15,172,NA,50F15,2,21.7,1,green/orange,0,0,0,0,0,0,0,canopy_healthy,
523,50,0,15,172,NA,50F15,5,22.5,1,green/grey,0,0,0,0,0,0,0,canopy_healthy,
524,50,0,15,172,NA,50F15,6,19.5,1,green/grey,0,0,0,0,0,0,0,canopy_healthy,
525,50,0,15,172,NA,50F15,32,15.4,1,green/grey,0,0,0,0,0,0,0,canopy_no,
526,50,0,15,172,NA,50F15,9,15,1,green/grey,0,0,0,0,0,1,0,"canopy_thinning,canopy_healthy",
527,50,0,15,172,NA,50F15,13,19.8,1,green/grey,0,0,0,0,0,1,0,canopy_healthy,
528,50,0,15,172,NA,50F15,14,14.3,1,green/grey,0,0,0,0,0,1,0,canopy_death,
529,50,0,15,172,NA,50F15,17,17.8,1,green/grey,0,0,0,0,0,0,0,canopy_healthy,
530,50,0,15,172,NA,50F15,33,13.7,1,green/orange,0,0,0,0,0,1,0,canopy_no,
531,50,0,15,172,NA,50F15,18,17.1,1,green/grey,0,0,0,0,0,1,0,"canopy_healthy,canopy_thinning",
532,50,0,15,172,NA,50F15,19,15.8,1,green/grey,0,0,0,0,1,0,1,"canopy_yes,canopy_leaves",
533,50,0,15,172,NA,50F15,20,19,1,green/grey,0,0,0,0,0,0,0,canopy_healthy,
534,60,0,4,208,NA,60F04,1,10.8,1,green,0,0,0,0,0,1,0,canopy_healthy,
535,60,0,4,208,NA,60F04,2,10,1,green,0,0,0,0,0,1,0,canopy_healthy,
536,60,0,4,208,NA,60F04,3,16.9,1,green,0,0,0,0,0,0,0,canopy_healthy,
537,60,0,4,208,NA,60F04,4,14,1,green,0,0,0,0,0,1,0,canopy_healthy,
538,60,0,4,208,NA,60F04,5,13.8,1,green,0,0,0,0,0,1,0,canopy_healthy,
539,60,0,4,208,NA,60F04,6,12.1,1,green,0,0,0,0,0,0,0,canopy_healthy,
540,60,0,4,208,NA,60F04,7,6.4,1,green,0,0,0,0,0,1,0,canopy_healthy,
541,60,0,4,208,NA,60F04,8,14.7,1,green,0,0,0,0,0,1,0,canopy_healthy,
542,60,0,4,208,NA,60F04,8,7.8,1,green,0,0,0,0,0,1,0,canopy_healthy,
543,60,0,4,208,NA,60F04,10,8.5,1,green,0,0,0,0,0,1,0,canopy_healthy,
544,60,0,6,209,NA,60F06,1,6.7,1,green,0,0,0,0,0,1,0,canopy_healthy,
545,60,0,6,209,NA,60F06,2,6.2,1,green,0,0,0,0,0,1,0,canopy_healthy,
546,60,0,6,209,NA,60F06,3,6.9,1,green,0,0,0,0,0,1,0,canopy_healthy,
547,60,0,6,209,NA,60F06,4,7.8,1,green,0,0,0,0,0,0,0,canopy_healthy,
548,60,0,6,209,NA,60F06,5,6.3,1,green,0,0,0,0,0,1,0,canopy_healthy,
549,60,0,6,209,NA,60F06,6,3.4,1,green,0,0,0,0,0,1,0,canopy_thinning,
550,60,0,6,209,NA,60F06,7,6.1,1,green,0,0,0,0,0,1,0,canopy_healthy,
551,60,0,6,209,NA,60F06,8,3.7,1,green,0,0,0,0,0,0,0,"canopy_healthy,canopy_thinning",
552,60,0,6,209,NA,60F06,9,3.7,1,green,0,0,0,0,0,1,0,canopy_thinning,
553,60,0,6,209,NA,60F06,10,7.2,1,green,0,0,0,0,0,0,0,canopy_healthy,
555,60,0,6,209,NA,60F06,32,5.6,1,green,0,0,0,0,0,1,0,canopy_healthy,
556,60,0,8,209,NA,60F08,1,6.6,1,green/grey,0,0,0,0,0,1,0,"canopy_death,canopy_thinning",
557,60,0,8,209,NA,60F08,2,8.8,1,green/grey,0,0,0,0,1,1,1,"canopy_yes,canopy_leaves",
558,60,0,8,209,NA,60F08,3,7.1,1,green/grey,0,0,0,0,0,0,0,"canopy_death,canopy_leaves",
559,60,0,8,209,NA,60F08,4,10.5,1,green/orange,0,0,0,0,0,0,0,"canopy_leaves,canopy_death",
560,60,0,8,209,NA,60F08,5,9.5,1,green/grey,0,0,0,0,0,0,0,"canopy_death,canopy_leaves",
561,60,0,8,209,NA,60F08,6,12.3,1,green/grey,0,0,0,0,0,0,0,"canopy_leaves,canopy_death",
562,60,0,8,209,NA,60F08,7,8.2,1,green/grey,0,0,0,0,0,0,0,"canopy_leaves,canopy_death",
563,60,0,8,209,NA,60F08,8,12.3,1,green/grey,0,0,0,0,0,0,0,"canopy_death,canopy_leaves",
564,60,0,8,209,NA,60F08,9,7.2,1,green/grey,0,0,0,0,1,0,1,"canopy_leaves,canopy_yes",
565,60,0,8,209,NA,60F08,10,8.2,1,green/grey,0,0,0,0,0,0,0,"canopy_leaves,canopy_death",
566,60,0,11,149,NA,60F11,4,10.4,1,green,0,0,0,0,0,0,0,canopy_no,
567,60,0,11,149,NA,60F11,5,6.3,1,green,0,0,0,0,0,0,0,canopy_no,
568,60,0,11,149,NA,60F11,7,4.7,1,green/orange,0,0,0,0,0,0,0,canopy_no,
569,60,0,11,149,NA,60F11,8,6.7,1,green/orange,0,0,0,0,0,1,0,canopy_no,
570,60,0,11,149,NA,60F11,9,4.6,1,green/orange,0,0,0,0,0,0,0,canopy_no,
571,60,0,11,149,NA,60F11,10,5.9,1,orange,0,0,0,0,1,0,1,canopy_yes,
572,60,0,11,149,NA,60F11,11,6.1,1,orange/red,0,0,0,0,0,0,0,canopy_no,
573,60,0,11,149,NA,60F11,15,4.3,0,orange,0,0,0,0,0,1,0,canopy_no,
574,60,0,11,149,NA,60F11,16,5.7,0,orange,1,0,0,0,0,1,1,canopy_no,
575,60,0,11,149,NA,60F11,17,6.6,0,orange,1,0,0,0,0,0,1,canopy_no,
576,60,0,11,149,NA,60F11,18,4.3,0,green/grey,1,0,0,0,0,0,1,canopy_no,
577,60,0,11,149,NA,60F11,19,5.2,1,green/orange,0,0,0,0,0,1,0,canopy_no,
578,60,0,12,182,NA,60F12,21,5.9,1,green,0,0,0,0,0,0,0,canopy_healthy,
579,60,0,12,182,NA,60F12,22,5.5,1,green,0,0,0,0,0,0,0,canopy_healthy,
580,60,0,12,182,NA,60F12,23,6.6,1,green,0,0,0,0,0,1,0,"canopy_healthy,canopy_death",
581,60,0,12,182,NA,60F12,24,5,1,green,0,0,0,0,0,0,0,"canopy_healthy,canopy_death",
582,60,0,12,182,NA,60F12,25,4.6,1,green,0,0,0,0,1,1,1,canopy_yes,
583,70,0,1,219,NA,70F01,1,14.5,1,green,0,0,0,0,0,0,0,canopy_healthy,
584,70,0,1,219,NA,70F01,2,6,1,green/orange,0,0,0,0,0,1,0,"canopy_healthy,canopy_thinning",
586,70,0,1,219,NA,70F01,3,10.3,1,green,0,0,0,0,0,1,0,canopy_healthy,
587,70,0,1,219,NA,70F01,32,4.5,1,green,0,0,0,0,1,1,1,"canopy_thinning,canopy_yes",
588,70,0,1,219,NA,70F01,4,14.4,1,green,0,0,0,0,0,0,0,canopy_healthy,
589,70,0,1,219,NA,70F01,5,13,1,green,0,0,0,0,0,1,0,canopy_healthy,
590,70,0,1,219,NA,70F01,6,7.5,1,green,0,0,0,0,0,1,0,canopy_healthy,
591,70,0,1,219,NA,70F01,7,12.3,1,green,0,0,0,0,0,1,0,canopy_healthy,
593,70,0,1,219,NA,70F01,9,5.7,1,green,0,0,0,0,1,1,1,"canopy_yes,canopy_thinning",
594,70,0,1,219,NA,70F01,10,12.3,1,green,0,0,0,0,0,0,0,canopy_healthy,
598,70,0,3,214,NA,70F03,1,6.5,1,green,0,0,0,0,0,0,0,canopy_healthy,
599,70,0,3,214,NA,70F03,2,6.5,1,green,0,0,0,0,0,1,0,canopy_healthy,
600,70,0,3,214,NA,70F03,3,8.7,1,green,0,0,0,0,0,0,0,canopy_healthy,
601,70,0,3,214,NA,70F03,4,4.5,1,green,0,0,0,0,0,0,0,canopy_healthy,
602,70,0,3,214,NA,70F03,5,6.7,1,green,0,0,0,0,0,0,0,canopy_healthy,
603,70,0,3,214,NA,70F03,6,8.1,1,green,0,0,0,0,0,1,0,canopy_healthy,
604,70,0,3,214,NA,70F03,7,8.3,1,green,0,0,0,0,0,0,0,canopy_healthy,
605,70,0,3,214,NA,70F03,8,6.1,1,green,0,0,0,0,0,0,0,canopy_healthy,
606,70,0,3,214,NA,70F03,9,6,1,green,0,0,0,0,0,0,0,"canopy_healthy,canopy_thinning",
607,70,0,3,214,NA,70F03,10,9.7,1,green,0,0,0,0,0,1,0,canopy_healthy,
613,70,0,9,213,NA,70F09,1,6.4,1,green,0,0,0,0,0,1,0,canopy_healthy,
614,70,0,9,213,NA,70F09,2,5.6,1,green,0,0,0,0,1,1,1,canopy_yes,
615,70,0,9,213,NA,70F09,3,7.8,1,green,0,1,0,0,0,1,1,canopy_healthy,
616,70,0,9,213,NA,70F09,4,5.9,1,green,0,0,0,0,0,1,0,canopy_healthy,
617,70,0,9,213,NA,70F09,5,5,1,green,0,0,0,0,1,1,1,canopy_yes,
618,70,0,9,213,NA,70F09,6,6.8,1,green,0,0,0,0,0,1,0,canopy_thinning,
619,70,0,9,213,NA,70F09,7,5.7,1,green,0,0,0,0,0,0,0,canopy_thinning,
620,70,0,9,213,NA,70F09,8,5.9,1,green,0,0,0,0,0,0,0,canopy_thinning,
621,70,0,9,213,NA,70F09,9,7.5,1,green,0,0,0,0,0,1,0,canopy_thinning,
622,70,0,9,213,NA,70F09,10,9,1,green,0,0,0,0,0,1,0,canopy_healthy,
624,70,0,10,212,NA,70F10,1,8.3,1,green,0,0,0,0,0,0,0,canopy_healthy,
625,70,0,10,212,NA,70F10,2,12.8,1,green,0,0,0,0,0,0,0,canopy_healthy,
626,70,0,10,212,NA,70F10,3,11.8,1,green,0,0,0,0,0,1,0,canopy_healthy,
627,70,0,10,212,NA,70F10,4,13.3,1,green,0,0,0,0,0,0,0,canopy_healthy,
628,70,0,10,212,NA,70F10,5,9.6,1,green,0,0,0,0,0,1,0,canopy_healthy,
629,70,0,10,212,NA,70F10,6,15,1,green,0,0,0,0,0,0,0,canopy_healthy,
630,70,0,10,212,NA,70F10,7,3.9,1,green,0,0,0,0,1,1,1,"canopy_yes,canopy_thinning",
631,70,0,10,212,NA,70F10,8,4.1,1,green,0,0,0,0,1,1,1,canopy_yes,
632,70,0,10,212,NA,70F10,9,11,1,green,0,0,0,0,0,1,0,canopy_healthy,
633,70,0,10,212,NA,70F10,10,8.9,1,green,0,0,0,0,0,1,0,canopy_healthy,
634,70,0,11,212,NA,70F11,1,9,1,green,0,0,0,0,0,1,0,"canopy_healthy,canopy_thinning",
635,70,0,11,212,NA,70F11,2,2.5,1,green,0,0,0,0,1,1,1,canopy_yes,
636,70,0,11,212,NA,70F11,3,3.3,1,green,0,0,0,0,0,0,0,canopy_healthy,
637,70,0,11,212,NA,70F11,4,8.3,1,green,0,0,0,0,0,0,0,canopy_healthy,
638,70,0,11,212,NA,70F11,5,5.6,1,green,0,0,0,0,0,0,0,canopy_thinning,
639,70,0,11,212,NA,70F11,6,7.7,1,green,0,0,0,0,0,0,0,canopy_healthy,
640,70,0,11,212,NA,70F11,7,5.2,1,green,0,0,0,0,0,0,0,"canopy_death,canopy_leaves",
641,70,0,11,212,NA,70F11,8,7.3,1,green,0,0,0,0,0,0,0,canopy_thinning,
642,70,0,11,212,NA,70F11,9,11.6,1,green,0,0,0,0,0,0,0,canopy_healthy,
643,70,0,11,212,NA,70F11,10,7.9,1,green,0,0,0,0,0,0,0,"canopy_healthy,canopy_thinning",
644,70,0,15,219,NA,70F15,1,7.1,1,green,0,0,0,0,0,1,0,"canopy_healthy,canopy_thinning",
645,70,0,15,219,NA,70F15,2,7.8,1,green,0,0,0,0,0,1,0,canopy_healthy,
646,70,0,15,219,NA,70F15,3,9.3,1,green,0,0,0,0,0,1,0,canopy_healthy,
647,70,0,15,219,NA,70F15,5,5.9,1,green,0,0,0,0,0,0,0,"canopy_healthy,canopy_thinning",
648,70,0,15,219,NA,70F15,5,4.7,1,green,0,0,0,0,0,1,0,canopy_thinning,
649,70,0,15,219,NA,70F15,6,8,1,green,0,0,0,0,0,1,0,canopy_healthy,
650,70,0,15,219,NA,70F15,7,8.8,1,green,0,0,0,0,0,1,0,canopy_healthy,
651,70,0,15,219,NA,70F15,8,5.5,1,green,0,0,0,0,0,0,0,canopy_healthy,
652,70,0,15,219,NA,70F15,9,6.5,1,green,0,0,0,0,0,0,0,canopy_healthy,
653,70,0,15,219,NA,70F15,10,5.7,1,green,0,0,0,0,1,1,1,canopy_yes,
655,70,0,16,219,NA,70F16,1,14.2,1,green,0,0,0,0,0,1,0,canopy_healthy,
657,70,0,16,219,NA,70F16,2,6.2,1,green,0,0,0,0,0,0,0,canopy_healthy,
658,70,0,16,219,NA,70F16,3,7.2,1,green,0,0,0,0,0,0,0,canopy_healthy,
659,70,0,16,219,NA,70F16,4,7.1,1,green,0,0,0,0,0,1,0,canopy_healthy,
660,70,0,16,219,NA,70F16,5,9.5,1,green,0,0,0,0,0,0,0,canopy_healthy,
661,70,0,16,219,NA,70F16,6,4.3,1,green,0,0,0,0,0,0,0,"canopy_thinning,canopy_death",
662,70,0,16,219,NA,70F16,7,7.9,1,green,0,0,0,0,0,0,0,"canopy_healthy,canopy_thinning,canopy_death",
663,70,0,16,219,NA,70F16,8,4.7,1,green,0,0,0,0,0,0,0,canopy_thinning,
664,70,0,16,219,NA,70F16,9,11.5,1,green,0,0,0,0,0,1,0,canopy_healthy,
665,70,0,16,219,NA,70F16,10,8.2,1,green,0,0,0,0,0,0,0,canopy_healthy,
666,70,0,23,214,NA,70F23,11,13.5,1,green,0,0,0,0,0,1,0,canopy_healthy,
667,70,0,23,214,NA,70F23,12,7,1,green,0,0,0,0,0,0,0,canopy_thinning,
668,70,0,23,214,NA,70F23,33,6.1,0,orange/red,1,1,0,0,0,0,1,0,
669,70,0,23,214,NA,70F23,13,15.6,1,green,0,0,0,0,0,1,0,canopy_healthy,
670,70,0,23,214,NA,70F23,14,15.2,1,green,0,0,0,0,0,1,0,canopy_thinning,
671,70,0,23,214,NA,70F23,15,9.9,1,green,0,0,0,0,0,1,0,canopy_thinning,
672,70,0,23,214,NA,70F23,16,10.2,1,green,0,0,0,0,0,0,0,canopy_thinning,
673,70,0,23,214,NA,70F23,17,7.8,1,green,0,0,0,0,0,1,0,canopy_thinning,
674,70,0,23,214,NA,70F23,18,10.3,1,green,0,0,0,0,0,0,0,canopy_death,
675,70,0,23,214,NA,70F23,19,8.2,1,green,0,0,0,0,0,0,0,canopy_healthy,
676,70,0,23,214,NA,70F23,20,7.5,1,green,0,0,0,0,0,0,0,"canopy_healthy,canopy_thinning",
678,70,0,23,214,NA,70F23,34,5.8,0,black,1,1,0,0,0,0,1,0,
682,70,0,24,218,NA,70F24,11,6.3,1,green,0,0,0,0,0,1,0,"canopy_healthy,canopy_thinning",
683,70,0,24,218,NA,70F24,12,7,1,green,0,0,0,0,0,1,0,canopy_healthy,
684,70,0,24,218,NA,70F24,13,17.5,1,green,0,0,0,0,0,1,0,canopy_healthy,
685,70,0,24,218,NA,70F24,14,7.3,1,green,0,0,0,0,0,1,0,canopy_healthy,
686,70,0,24,218,NA,70F24,15,16.4,1,green,0,0,0,0,0,0,0,canopy_healthy,
687,70,0,25,211,NA,70F25,31,12,1,green,0,0,0,0,0,1,0,canopy_healthy,
689,70,0,25,211,NA,70F25,33,9.7,1,green,0,0,0,0,0,1,0,"canopy_death,canopy_healthy",
690,70,0,25,211,NA,70F25,34,10.4,1,green,0,0,0,0,0,1,0,canopy_healthy,
691,70,0,25,211,NA,70F25,35,16.9,1,green,0,0,0,0,0,1,0,canopy_healthy,
692,70,0,25,211,NA,70F25,36,14.1,1,green,0,0,0,0,0,1,0,canopy_healthy,
693,70,0,26,212,NA,70F26,11,5.6,1,green,0,0,0,0,0,1,0,canopy_healthy,
694,70,0,26,212,NA,70F26,12,3,1,green/grey,1,0,0,0,0,1,1,"canopy_no,canopy_leaves",
695,70,0,26,212,NA,70F26,13,9.9,1,green,0,0,0,0,0,0,0,canopy_healthy,
696,70,0,26,212,NA,70F26,14,5.1,1,green,0,0,0,0,0,0,0,"canopy_thinning,canopy_death",
697,70,0,26,212,NA,70F26,15,5.6,1,green,0,0,0,0,0,0,0,"canopy_thinning,canopy_healthy",
698,70,0,27,178,NA,70F27,7,5.8,1,green,0,0,0,0,0,1,0,canopy_thinning,
699,70,0,27,178,NA,70F27,12,11,1,green,0,0,0,0,0,0,0,canopy_healthy,
700,70,0,27,178,NA,70F27,13,10,1,green,0,0,0,0,0,1,0,canopy_healthy,
701,70,0,27,178,NA,70F27,14,8.8,1,green,0,0,0,0,0,1,0,canopy_healthy,
702,70,0,27,178,NA,70F27,15,5.2,1,green,0,0,0,0,0,1,0,canopy_thinning,
703,70,0,27,178,NA,70F27,16,5.5,1,green,0,0,0,0,0,0,0,canopy_thinning,
704,70,0,27,178,NA,70F27,17,15.4,1,green/grey,0,0,0,0,0,0,0,canopy_healthy,
705,70,0,27,178,NA,70F27,18,6.5,1,green,0,0,0,0,0,0,0,canopy_healthy,
706,70,0,27,178,NA,70F27,19,16,1,green/grey,0,0,0,0,0,0,0,canopy_healthy,
707,70,0,27,178,NA,70F27,20,9.4,1,green,0,0,0,0,0,1,0,canopy_healthy,
710,70,0,27,215,NA,70F27,33,4.1,1,black,1,0,0,0,0,0,1,0,NOW 70F36
713,70,0,28,179,NA,70F28,21,6.9,1,green/grey,0,0,0,0,0,0,0,"canopy_healthy,canopy_thinning",
714,70,0,28,179,NA,70F28,22,9.1,1,green/grey,0,0,0,0,0,0,0,canopy_healthy,
715,70,0,28,179,NA,70F28,23,7.5,1,green/grey,0,0,0,0,0,1,0,canopy_healthy,
716,70,0,28,179,NA,70F28,24,5.9,1,green,0,0,0,0,0,1,0,"canopy_healthy,canopy_thinning",
717,70,0,28,179,NA,70F28,25,8.4,1,green/grey,0,0,0,0,0,1,0,"canopy_healthy,canopy_thinning",
718,70,0,30,215,NA,70F30,11,10.7,1,green,0,0,0,0,0,1,0,"canopy_thinning,canopy_healthy",NOW 70F39
719,70,0,30,215,NA,70F30,12,8.2,1,green,0,0,0,0,0,1,0,"canopy_thinning,canopy_healthy",NOW 70F39
720,70,0,30,215,NA,70F30,13,14.5,1,green,0,0,0,0,0,1,0,canopy_healthy,NOW 70F39
721,70,0,30,215,NA,70F30,14,8.7,1,green,0,0,0,0,0,0,0,canopy_thinning,NOW 70F39
722,70,0,30,215,NA,70F30,15,7,1,green,0,0,0,0,0,0,0,canopy_thinning,NOW 70F39
723,70,0,30,215,NA,70F30,16,9,1,green,0,0,0,0,0,0,0,"canopy_thinning,canopy_healthy",NOW 70F39
724,70,0,30,215,NA,70F30,17,6.3,1,green,0,0,0,0,0,0,0,canopy_thinning,NOW 70F39
725,70,0,30,215,NA,70F30,18,8.4,1,green,0,0,0,0,0,0,0,canopy_healthy,NOW 70F39
726,70,0,30,215,NA,70F30,19,7.5,1,green,0,0,0,0,0,1,0,"canopy_healthy,canopy_thinning",NOW 70F39
727,70,0,30,215,NA,70F30,20,6.7,1,green,0,0,0,0,0,1,0,"canopy_thinning,canopy_healthy",NOW 70F39
728,70,0,31,178,NA,70F31,11,11.7,1,green,0,0,0,0,0,0,0,"canopy_healthy,canopy_thinning",
729,70,0,31,178,NA,70F31,12,12.2,1,green,0,0,0,0,0,1,0,"canopy_healthy,canopy_thinning",
730,70,0,31,178,NA,70F31,13,11,1,green,0,0,0,0,0,0,0,"canopy_healthy,canopy_thinning",
731,70,0,31,178,NA,70F31,14,10.3,1,green/orange,0,0,0,0,0,0,0,canopy_no,
732,70,0,31,178,NA,70F31,15,8.4,1,green,0,0,0,0,0,0,0,"canopy_healthy,canopy_thinning",
733,70,0,32,178,NA,70F32,1,9.6,1,green/orange,0,0,0,0,0,1,0,canopy_thinning,
735,70,0,32,178,NA,70F32,NA,7.5,1,green/orange,0,0,0,0,0,0,0,canopy_death,
737,70,0,32,178,NA,70F32,8,9.9,1,green/orange,0,0,0,0,0,0,0,canopy_healthy,
738,70,0,32,178,NA,70F32,12,11.4,1,green/orange,0,0,0,0,0,1,0,canopy_death,
739,70,0,32,178,NA,70F32,13,8.1,1,green/grey,0,0,0,0,0,0,0,canopy_healthy,
740,70,0,32,178,NA,70F32,18,7.9,1,green/orange,0,0,0,0,0,0,0,canopy_thinning,
741,70,0,32,178,NA,70F32,19,10.5,1,green/orange,0,0,0,0,0,1,0,canopy_death,
742,70,0,32,178,NA,70F32,20,8.9,1,green,0,0,0,0,0,0,0,canopy_thinning,
743,70,0,32,178,NA,70F32,21,10.8,1,green,0,0,0,0,0,0,0,canopy_healthy,
744,70,0,33,220,NA,70F33,11,11.9,1,green,0,0,0,0,0,0,0,canopy_healthy,
745,70,0,33,220,NA,70F33,12,7.8,1,green,0,0,0,0,0,0,0,canopy_healthy,
746,70,0,33,220,NA,70F33,13,12.8,1,green,0,0,0,0,0,0,0,canopy_healthy,
747,70,0,33,220,NA,70F33,14,6.1,1,green,0,0,0,0,0,0,0,canopy_healthy,
748,70,0,33,220,NA,70F33,15,8.4,1,green,0,0,0,0,0,0,0,canopy_healthy,
749,70,0,34,220,NA,70F34,1,10.4,1,green,0,0,0,0,0,1,0,canopy_healthy,
750,70,0,34,220,NA,70F34,2,11.6,1,green,0,0,0,0,0,0,0,canopy_healthy,
751,70,0,34,220,NA,70F34,3,4,1,green,0,0,0,0,0,1,0,canopy_healthy,
752,70,0,34,220,NA,70F34,4,7.5,1,green,0,0,0,0,0,0,0,canopy_healthy,
754,70,0,34,220,NA,70F34,5,13.1,1,green,0,0,0,0,0,1,0,canopy_healthy,
755,70,0,34,220,NA,70F34,6,14.9,1,green,0,0,0,0,0,1,0,canopy_healthy,
756,70,0,34,220,NA,70F34,7,8.3,1,green,0,0,0,0,0,1,0,canopy_healthy,
757,70,0,34,220,NA,70F34,8,11,1,green,0,0,0,0,0,1,0,canopy_healthy,
758,70,0,34,220,NA,70F34,9,5.4,1,green,0,0,0,0,0,0,0,canopy_healthy,
761,70,0,34,220,NA,70F34,10,8.5,1,green,0,0,0,0,0,0,0,canopy_healthy,
762,80,0,8,171,NA,80F08,1,1.1,1,green,0,0,0,0,0,0,0,canopy_healthy,
763,80,0,8,171,NA,80F08,2,0.8,1,green,1,0,0,0,1,0,1,"canopy_leaves,canopy_yes",
764,80,0,8,171,NA,80F08,31,1.2,1,green,0,0,0,0,1,0,1,"canopy_leaves,canopy_death,canopy_yes",
765,80,0,8,171,NA,80F08,3,2,1,green,0,0,0,0,0,0,0,canopy_leaves,
766,80,0,8,171,NA,80F08,5,11.8,1,green/grey,0,0,0,0,0,0,0,canopy_healthy,
767,80,0,8,171,NA,80F08,6,9.4,1,green/grey,0,0,0,0,0,0,0,"canopy_leaves,canopy_healthy",
768,80,0,8,171,NA,80F08,8,9.8,1,green/grey,0,0,0,0,0,0,0,canopy_healthy,
769,80,0,8,171,NA,80F08,9,6,1,green/grey,0,0,0,0,0,0,0,canopy_healthy,
770,80,0,8,171,NA,80F08,11,3.2,1,green/grey,0,0,0,0,0,0,0,"canopy_leaves,canopy_healthy",
771,80,0,8,171,NA,80F08,12,8.4,1,green/grey,0,0,0,0,1,1,1,canopy_yes,
772,80,0,8,171,NA,80F08,13,12.3,1,green/grey,0,0,0,0,0,0,0,canopy_healthy,
773,80,0,9,173,NA,80F09,23,9.8,1,green,0,0,0,0,0,1,0,canopy_healthy,
774,80,0,9,173,NA,80F09,24,10.8,1,green,0,0,0,0,0,1,0,canopy_healthy,
775,80,0,9,173,NA,80F09,25,5.7,1,green,0,0,0,0,0,1,0,canopy_healthy,
776,80,0,9,173,NA,80F09,26,3.8,1,green,0,0,0,0,0,1,0,canopy_healthy,
777,80,0,9,173,NA,80F09,27,3.5,1,green,0,0,0,0,0,1,0,"canopy_death,canopy_thinning",
778,80,0,11,170,NA,80F11,1,12,1,green,0,0,0,0,0,1,0,canopy_healthy,
779,80,0,11,170,NA,80F11,6,2.1,1,green,1,0,0,0,1,1,1,"canopy_leaves,canopy_yes",
780,80,0,11,170,NA,80F11,11,4.2,1,orange,0,0,0,0,0,0,0,canopy_healthy,
781,80,0,11,170,NA,80F11,13,1,1,green,0,0,0,0,0,0,0,canopy_healthy,
782,80,0,11,170,NA,80F11,14,1,1,green,0,0,0,0,0,1,0,canopy_healthy,
783,80,0,11,170,NA,80F11,15,6.7,1,green,0,0,0,0,0,0,0,canopy_healthy,
784,80,0,11,170,NA,80F11,16,5.5,1,green,0,0,0,0,0,0,0,canopy_healthy,
785,80,0,11,170,NA,80F11,17,4.6,1,green/orange,0,0,0,0,0,0,0,canopy_death,
786,80,0,11,170,NA,80F11,19,4.9,1,green,0,0,0,0,0,0,0,canopy_healthy,
787,80,0,11,170,NA,80F11,20,6.8,1,green,0,0,0,0,0,0,0,canopy_healthy,
788,80,0,12,170,NA,80F12,1,8.7,1,green,0,0,0,0,0,0,0,"canopy_leaves,canopy_healthy",
789,80,0,12,170,NA,80F12,5,3.9,1,green,0,0,0,0,0,0,0,canopy_healthy,
790,80,0,12,170,NA,80F12,12,11.2,1,green,0,0,0,0,0,0,0,canopy_healthy,
791,80,0,12,170,NA,80F12,14,10,1,green/grey,1,0,0,0,0,0,1,"canopy_leaves,canopy_healthy",
792,80,0,12,170,NA,80F12,15,8,1,green/grey,0,0,0,0,0,0,0,canopy_healthy,
793,80,0,12,170,NA,80F12,16,9.5,1,green/grey,0,0,0,0,0,0,0,canopy_healthy,
794,80,0,12,170,NA,80F12,17,20,1,green/grey,0,0,0,0,0,0,0,canopy_healthy,
795,80,0,12,170,NA,80F12,18,1.4,1,green,0,0,0,0,0,0,0,"canopy_leaves,canopy_healthy",
796,80,0,12,170,NA,80F12,19,2.7,1,green,0,0,0,0,0,0,0,"canopy_leaves,canopy_healthy",
797,80,0,12,170,NA,80F12,NA,7.3,1,green,0,0,0,0,0,1,0,canopy_healthy,
798,80,0,13,169,NA,80F13,4,6.3,1,green,0,0,0,0,0,0,0,canopy_healthy,
799,80,0,13,169,NA,80F13,31,4.5,0,black,0,0,0,0,0,1,0,0,
800,80,0,13,169,NA,80F13,12,2.9,1,green/grey,0,0,0,0,1,0,1,canopy_yes,
801,80,0,13,169,NA,80F13,13,3.3,1,green/grey,0,0,0,0,1,1,1,canopy_yes,
802,80,0,13,169,NA,80F13,14,2.7,0,black,0,0,0,0,0,0,0,0,
803,80,0,13,169,NA,80F13,14,3.8,1,green/grey,0,0,0,0,0,0,0,canopy_healthy,
804,80,0,13,169,NA,80F13,15,6,1,green/grey,0,0,0,0,0,0,0,canopy_healthy,
805,80,0,13,169,NA,80F13,16,5.8,1,green/grey,0,0,0,0,0,0,0,canopy_healthy,
806,80,0,13,169,NA,80F13,17,8.3,1,green,0,0,0,0,0,1,0,canopy_healthy,
807,80,0,13,169,NA,80F13,18,5.5,1,green,0,0,0,0,0,0,0,canopy_healthy,
808,80,0,13,169,NA,80F13,19,7.1,1,green/grey,0,0,0,0,0,0,0,canopy_healthy,
809,80,0,13,169,NA,80F13,20,6.7,1,green,0,0,0,0,0,0,0,canopy_healthy,
814,80,0,14,169,NA,80F14,1,16,1,green,0,0,0,0,0,0,0,canopy_healthy,
815,80,0,14,169,NA,80F14,7,20.2,1,green,0,0,0,0,0,0,0,canopy_death,
816,80,0,14,169,NA,80F14,8,1.3,1,green,0,1,0,0,0,0,1,canopy_leaves,
817,80,0,14,169,NA,80F14,31,1.9,0,orange/red,0,0,0,0,0,0,0,0,
818,80,0,14,169,NA,80F14,14,14.5,1,green,0,0,0,0,0,0,0,canopy_thinning,
819,80,0,14,169,NA,80F14,15,13.2,1,green,0,0,0,0,1,0,1,canopy_yes,
820,80,0,14,169,NA,80F14,32,15.5,0,orange,0,0,0,0,0,1,0,0,
821,80,0,14,169,NA,80F14,33,15.1,0,black,0,0,0,0,0,0,0,0,
823,80,0,14,169,NA,80F14,17,17.3,1,orange,0,0,0,0,0,0,0,canopy_death,
824,80,0,14,169,NA,80F14,18,16.5,1,orange,0,0,0,0,0,0,0,canopy_death,
825,80,0,14,169,NA,80F14,19,20.1,1,green,0,0,0,0,0,0,0,canopy_death,
826,80,0,14,169,NA,80F14,20,17.2,1,green,0,0,0,0,0,0,0,canopy_healthy,
827,80,0,14,169,NA,80F14,34,16.3,0,orange,0,0,0,0,0,0,0,0,
828,80,0,14,169,NA,80F14,35,14,0,orange/red,0,0,0,0,0,0,0,0,
829,80,0,16,226,NA,80F16,11,1.1,1,green/orange,0,0,0,0,0,0,0,canopy_healthy,
830,80,0,16,226,NA,80F16,12,1.4,1,green,0,0,0,0,0,0,0,canopy_healthy,
831,80,0,16,226,NA,80F16,13,2.8,1,green,0,0,0,0,0,1,0,canopy_healthy,
832,80,0,16,226,NA,80F16,14,2.2,1,green,0,0,0,0,0,0,0,canopy_healthy,
833,80,0,16,226,NA,80F16,15,1.2,1,green,0,0,0,0,0,1,0,canopy_healthy,
834,80,0,31,149,NA,80F31,1,4.5,1,green,0,0,0,0,0,0,0,canopy_no,
835,80,0,31,149,NA,80F31,6,3.5,1,green,0,0,0,0,0,1,0,canopy_no,
836,80,0,31,149,NA,80F31,8,2.6,1,green,0,0,0,0,0,1,0,canopy_no,
837,80,0,31,149,NA,80F31,11,3.7,1,green/grey,0,0,0,0,1,0,1,canopy_yes,
838,80,0,31,149,NA,80F31,12,5,1,green,0,0,0,0,0,1,0,canopy_no,
839,80,0,31,149,NA,80F31,13,4.2,1,green,0,0,0,0,0,0,0,canopy_no,
840,80,0,31,149,NA,80F31,14,3,1,green,0,0,0,0,0,1,0,canopy_no,
841,80,0,32,189,NA,80F32,11,3.9,1,green,0,0,0,0,0,1,0,canopy_thinning,
842,80,0,32,189,NA,80F32,12,2.8,1,green,0,0,0,0,0,0,0,canopy_healthy,
843,80,0,32,189,NA,80F32,13,3.6,1,green/grey,0,0,0,0,0,0,0,"canopy_healthy,canopy_thinning",
844,80,0,32,189,NA,80F32,14,4.2,1,green,0,0,0,0,0,0,0,canopy_healthy,
845,80,0,32,189,NA,80F32,15,3.7,1,green,0,0,0,0,0,1,0,canopy_healthy,
846,80,0,33,190,NA,80F33,1,4.4,1,green,0,0,0,0,0,0,0,canopy_healthy,
847,80,0,33,190,NA,80F33,2,2.7,1,green,0,0,0,0,0,0,0,canopy_healthy,
848,80,0,33,190,NA,80F33,3,4.5,1,green,0,0,0,0,0,1,0,canopy_healthy,
849,80,0,33,190,NA,80F33,4,4,1,green/grey,0,0,0,0,1,0,1,canopy_yes,
850,80,0,33,190,NA,80F33,5,2.5,1,green,0,0,0,0,0,0,0,"canopy_healthy,canopy_thinning",
851,80,0,33,190,NA,80F33,6,1.9,1,green,0,0,0,0,0,0,0,canopy_healthy,
852,80,0,33,190,NA,80F33,7,5.9,1,green,0,0,0,0,0,1,0,canopy_healthy,
853,80,0,33,190,NA,80F33,8,2.5,1,green,0,0,0,0,0,0,0,canopy_healthy,
854,80,0,33,190,NA,80F33,9,4.8,1,green,0,0,0,0,0,0,0,canopy_healthy,
855,80,0,33,190,NA,80F33,10,3.5,1,green,0,0,0,0,0,0,0,canopy_healthy,
857,80,0,33,190,NA,80F33,32,4.2,1,green/grey,0,0,0,0,0,0,0,canopy_healthy,
858,80,0,33,190,NA,80F33,33,1.5,1,green/grey,0,0,0,0,1,0,1,canopy_yes,
860,80,0,33,190,NA,80F33,35,1.1,1,orange/red,1,0,0,0,0,0,1,canopy_no,
861,80,0,34,190,NA,80F34,1,3.3,1,green,0,0,0,0,0,0,0,canopy_thinning,
862,80,0,34,190,NA,80F34,2,3.3,1,green,0,0,0,0,0,1,0,canopy_healthy,
863,80,0,34,190,NA,80F34,3,6.1,1,green/grey,0,0,0,0,0,1,0,canopy_healthy,
864,80,0,34,190,NA,80F34,4,3.7,1,green/grey,0,0,0,0,0,0,0,canopy_healthy,
865,80,0,34,190,NA,80F34,5,4.3,1,green/grey,0,0,0,0,0,0,0,canopy_healthy,
866,80,0,34,190,NA,80F34,6,2.4,1,green,0,0,0,0,0,1,0,canopy_healthy,
867,80,0,34,190,NA,80F34,7,3.7,1,green,0,0,0,0,0,0,0,"canopy_thinning,canopy_healthy",
868,80,0,34,190,NA,80F34,8,4.8,1,green,0,0,0,0,0,0,0,canopy_healthy,
869,80,0,34,190,NA,80F34,9,2.7,1,green,0,0,0,0,0,0,0,"canopy_healthy,canopy_death",
870,80,0,34,190,NA,80F34,10,2,1,green/grey,1,0,0,0,0,0,1,"canopy_thinning,canopy_leaves",
871,80,0,35,190,NA,80F35,1,4.3,1,green,0,0,0,0,0,0,0,canopy_healthy,
872,80,0,35,190,NA,80F35,2,4.1,1,green,0,0,0,0,0,0,0,canopy_healthy,
874,80,0,35,190,NA,80F35,3,4.9,1,green,0,0,0,0,0,0,0,canopy_healthy,
875,80,0,35,190,NA,80F35,4,10.2,1,green/grey,0,0,0,0,0,0,0,canopy_healthy,
876,80,0,35,190,NA,80F35,5,3.5,1,green,0,0,0,0,0,0,0,canopy_healthy,
877,80,0,35,190,NA,80F35,6,5,1,green,0,0,0,0,0,1,0,canopy_healthy,
878,80,0,35,190,NA,80F35,7,3.5,1,green,0,0,0,0,0,1,0,canopy_healthy,
879,80,0,35,190,NA,80F35,8,5.8,1,green/grey,0,0,0,0,0,1,0,canopy_healthy,
881,80,0,35,190,NA,80F35,9,5,1,green,0,0,0,0,0,1,0,canopy_healthy,
882,80,0,35,190,NA,80F35,10,5.1,1,green/grey,0,0,0,0,0,0,0,canopy_healthy,
886,80,0,36,190,NA,80F36,1,5.9,1,green,0,0,0,0,0,1,0,canopy_healthy,
887,80,0,36,190,NA,80F36,2,3.3,1,green/grey,0,0,0,0,0,1,0,canopy_healthy,
888,80,0,36,190,NA,80F36,3,4.8,1,green/grey,0,0,0,0,0,1,0,canopy_healthy,
889,80,0,36,190,NA,80F36,4,3.2,1,green/grey,0,0,0,0,0,1,0,canopy_healthy,
890,80,0,36,190,NA,80F36,5,9.4,1,green/grey,0,0,0,0,0,0,0,canopy_healthy,
891,80,0,36,190,NA,80F36,6,8.5,1,green,0,0,0,0,0,0,0,canopy_healthy,
892,80,0,36,190,NA,80F36,7,2.3,1,green,0,0,0,0,0,1,0,canopy_healthy,
893,80,0,36,190,NA,80F36,8,2.1,1,green,0,0,0,0,0,1,0,canopy_healthy,
894,80,0,36,190,NA,80F36,9,4.8,1,green/grey,0,0,0,0,0,1,0,canopy_healthy,
895,80,0,36,190,NA,80F36,10,8.3,1,green/grey,0,0,0,0,0,1,0,canopy_healthy,
897,80,0,4,172,NA,80F4,1,9.4,1,green,0,0,0,0,0,1,0,canopy_healthy,
898,80,0,4,172,NA,80F4,2,9.3,1,green/grey,0,0,0,0,0,1,0,canopy_healthy,
899,80,0,4,172,NA,80F4,3,6.5,1,green/orange,0,0,0,0,0,0,0,canopy_healthy,
900,80,0,4,172,NA,80F4,4,8.7,1,green/grey,0,0,0,0,0,1,0,canopy_healthy,
901,80,0,4,172,NA,80F4,5,6.5,1,green/grey,0,0,0,0,0,1,0,canopy_healthy,
902,80,0,4,172,NA,80F4,6,6,1,green,0,0,0,0,0,1,0,canopy_healthy,
903,80,0,4,172,NA,80F4,7,11.4,1,green/grey,0,0,0,0,0,1,0,canopy_healthy,
904,80,0,4,172,NA,80F4,8,6.2,1,green/grey,0,0,0,0,0,1,0,canopy_healthy,
905,80,0,4,172,NA,80F4,9,6.4,1,green,0,0,0,0,0,1,0,canopy_healthy,
906,80,0,4,172,NA,80F4,10,3.6,1,green,0,0,0,0,0,1,0,canopy_thinning,
907,80,0,4,172,NA,80F4,31,3.2,0,black,1,0,0,0,0,1,1,0,
908,80,0,4,172,NA,80F4,32,2.7,0,orange,1,0,0,0,0,1,1,0,
909,80,0,4,172,NA,80F4,33,3,0,black,1,1,0,0,0,1,1,0,
910,80,0,4,172,NA,80F4,34,3,0,black,1,1,1,0,0,1,1,0,
911,80,0,4,172,NA,80F4,35,3.2,0,black,1,0,0,0,0,1,1,0,
912,80,0,6,171,NA,80F6,1,7.1,1,green/grey,0,0,0,0,0,1,0,canopy_healthy,
913,80,0,6,171,NA,80F6,2,12.2,1,green,0,0,0,0,0,1,0,canopy_healthy,
914,80,0,6,171,NA,80F6,3,11.3,1,green,0,0,0,0,0,1,0,canopy_healthy,
915,80,0,6,171,NA,80F6,4,2.3,1,green,0,0,0,0,0,1,0,"canopy_healthy,canopy_leaves",
916,80,0,6,171,NA,80F6,5,7.5,1,green,0,0,0,0,0,1,0,canopy_healthy,
917,80,0,6,171,NA,80F6,6,5.1,1,green,0,0,0,0,0,1,0,canopy_healthy,
918,80,0,6,171,NA,80F6,7,4,1,green,0,0,0,0,0,1,0,canopy_healthy,
919,80,0,6,171,NA,80F6,9,8.8,1,green,0,0,0,0,0,1,0,canopy_healthy,
920,80,0,6,171,NA,80F6,10,9.5,1,green,0,0,0,0,0,1,0,canopy_healthy,
921,80,0,6,171,NA,80F6,11,5.7,1,green,0,0,0,0,0,1,0,canopy_healthy,
924,90,0,1,176,NA,90F01,9,2,1,green/grey,0,0,0,0,0,1,0,canopy_death,
925,90,0,1,176,NA,90F01,12,2.6,1,green/grey,0,0,0,0,0,1,0,canopy_death,
926,90,0,1,176,NA,90F01,13,8.6,1,green/grey,0,0,0,0,0,1,0,canopy_healthy,
927,90,0,1,176,NA,90F01,14,9.5,1,green/grey,0,0,0,0,0,0,0,canopy_healthy,
928,90,0,1,176,NA,90F01,15,9.6,1,green/grey,0,0,0,0,0,1,0,canopy_healthy,
929,90,0,1,176,NA,90F01,16,9,1,green/grey,0,0,0,0,0,0,0,canopy_healthy,
930,90,0,1,176,NA,90F01,17,5,1,green/grey,0,0,0,0,0,0,0,canopy_healthy,
931,90,0,1,176,NA,90F01,18,4.7,1,green/grey,0,0,0,0,0,0,0,canopy_healthy,
932,90,0,1,176,NA,90F01,19,8.6,1,green/grey,0,0,0,0,0,0,0,canopy_healthy,
933,90,0,1,176,NA,90F01,20,7.7,1,green,0,0,0,0,0,0,0,canopy_healthy,
934,90,0,6,177,NA,90F06,11,9.4,1,green,0,0,0,0,0,0,0,canopy_healthy,
935,90,0,6,177,NA,90F06,12,5.3,1,green/grey,0,0,0,0,0,0,0,canopy_healthy,
936,90,0,6,177,NA,90F06,13,4.7,1,green/grey,0,0,0,0,0,1,0,canopy_healthy,
937,90,0,6,177,NA,90F06,14,3.2,1,green/grey,0,0,0,0,0,1,0,canopy_healthy,
938,90,0,6,177,NA,90F06,15,4.3,1,green/grey,0,0,0,0,0,0,0,canopy_healthy,
939,90,0,6,177,NA,90F06,16,4.8,1,green,0,0,0,0,0,NA,0,canopy_healthy,
940,90,0,6,177,NA,90F06,17,6,1,green/grey,0,0,0,0,0,NA,0,canopy_healthy,
941,90,0,11,150,NA,90F11,17,2.4,1,green,0,0,0,0,0,1,0,canopy_no,
942,90,0,11,150,NA,90F11,18,4.3,1,green,0,0,0,0,0,1,0,canopy_no,
943,90,0,11,150,NA,90F11,19,3.1,1,green,0,0,0,0,1,0,1,canopy_yes,
944,90,0,11,150,NA,90F11,16,1.8,1,green,0,0,0,0,0,1,0,canopy_no,
945,90,0,11,150,NA,90F11,15,3.1,1,green,0,0,0,0,0,0,0,canopy_no,
946,90,0,4,177,NA,90F4,1,6.6,1,green,0,0,0,0,0,1,0,canopy_healthy,
947,90,0,4,177,NA,90F4,4,6.6,1,green,0,0,0,0,0,1,0,canopy_healthy,
948,90,0,4,177,NA,90F4,5,4.9,1,green,0,0,0,0,0,0,0,canopy_healthy,
949,90,0,4,177,NA,90F4,6,3.3,1,green,0,0,0,0,0,0,0,canopy_thinning,
950,90,0,4,177,NA,90F4,7,5,1,green,0,0,0,0,0,1,0,canopy_healthy,
951,90,0,4,177,NA,90F4,NA,2.9,1,green,0,0,0,0,0,1,0,canopy_death,
953,90,0,4,177,NA,90F4,16,3.7,1,green,0,0,0,0,1,1,1,canopy_yes,
954,90,0,4,177,NA,90F4,17,4.7,1,green,0,0,0,0,0,0,0,canopy_healthy,
955,90,0,4,177,NA,90F4,19,1.9,1,green,0,0,0,0,0,1,0,canopy_healthy,
956,90,0,4,177,NA,90F4,20,6.1,1,green,0,0,0,0,0,0,0,canopy_healthy,
1,0,B,2,219,657.8126525,00B2,1,5.6,1,green,0,0,0,0,NA,1,0,NA,NA
2,0,B,2,219,657.8126525,00B2,2,1.2,1,green,0,0,0,0,NA,1,0,NA,NA
3,0,B,2,219,657.8126525,00B2,3,2.4,1,green,0,0,0,0,NA,1,0,NA,NA
4,0,B,2,219,657.8126525,00B2,4,6.4,1,green,0,0,0,0,NA,1,0,NA,NA
5,0,B,2,219,657.8126525,00B2,5,2.4,1,green,0,0,0,0,NA,1,0,NA,NA
6,0,B,2,219,657.8126525,00B2,6,2.5,1,green,0,0,0,0,NA,1,0,NA,NA
7,0,B,2,219,657.8126525,00B2,7,2,1,green,0,0,0,0,NA,0,0,NA,NA
8,0,B,4,212,814.5318681,00B4,13,3,1,green,0,0,0,0,NA,1,0,NA,NA
9,0,B,4,212,814.5318681,00B4,14,3.2,1,green,0,0,0,0,NA,1,0,NA,NA
10,0,B,4,212,814.5318681,00B4,15,5.6,1,green,0,0,0,0,NA,1,0,NA,NA
11,0,B,4,212,814.5318681,00B4,16,1.5,1,green,0,0,0,0,NA,1,0,NA,NA
12,0,B,4,212,814.5318681,00B4,17,5.2,1,green,0,0,0,0,NA,1,0,NA,NA
13,0,M,1,219,796.1071329,00M1,8,1.4,1,green,0,0,0,0,NA,1,0,NA,NA
14,0,M,1,219,796.1071329,00M1,9,1.9,1,green,0,0,0,0,NA,1,0,NA,NA
15,0,M,1,219,796.1071329,00M1,10,4.4,1,green,0,0,0,0,NA,1,0,NA,NA
16,0,M,1,219,796.1071329,00M1,11,2.9,1,green,0,0,0,0,NA,1,0,NA,NA
17,0,M,1,219,796.1071329,00M1,12,2.6,1,orange,0,0,0,0,NA,1,0,NA,NA
18,0,M,1,219,796.1071329,00M1,13,1,1,green,0,0,0,0,NA,0,0,NA,NA
19,0,M,1,219,796.1071329,00M1,14,1.9,1,green,0,0,0,0,NA,1,0,NA,NA
20,0,M,2,218,133.9715118,00M2,8,2.3,1,green,0,0,0,0,NA,1,0,NA,NA
21,0,M,2,218,133.9715118,00M2,9,2.6,1,green,0,0,0,0,NA,1,0,NA,NA
22,0,M,2,218,133.9715118,00M2,10,4.4,1,green,0,0,0,0,NA,1,0,NA,NA
23,0,M,2,218,133.9715118,00M2,11,1.8,1,green,0,0,0,0,NA,1,0,NA,NA
24,0,M,2,218,133.9715118,00M2,12,3.5,1,green,0,0,0,0,NA,1,0,NA,NA
25,0,M,2,218,133.9715118,00M2,13,4.6,1,green,0,0,0,0,NA,1,0,NA,NA
26,0,M,2,218,133.9715118,00M2,14,4.6,1,green,0,0,0,0,NA,1,0,NA,NA
27,0,M,6,217,554.6418679,00M6,1,0.8,1,green/orange,0,0,0,0,NA,0,0,NA,NA
28,0,M,6,217,554.6418679,00M6,2,0.9,1,green,0,0,0,0,NA,0,0,NA,NA
29,0,M,6,217,554.6418679,00M6,4,1.3,1,green,0,0,0,0,NA,0,0,NA,NA
30,0,M,6,217,554.6418679,00M6,5,0.6,1,green,0,0,0,0,NA,1,0,NA,NA
31,0,M,6,217,554.6418679,00M6,6,1.3,1,green,0,0,0,0,NA,1,0,NA,NA
32,0,M,6,217,554.6418679,00M6,7,0.6,1,green,0,0,0,0,NA,1,0,NA,NA
33,0,M,6,217,554.6418679,00M6,8,1.3,1,green,0,0,0,0,NA,1,0,NA,NA
34,0,U,4,225,501.7536975,00U4,3,1.2,1,green,0,0,0,0,NA,1,0,NA,NA
35,0,U,4,225,501.7536975,00U4,5,1.4,1,orange,0,0,0,0,NA,1,0,NA,NA
36,0,U,4,225,501.7536975,00U4,6,0.4,1,green,0,0,0,0,NA,1,0,NA,NA
37,50,B,1,212,234.3872134,50B1,1,10.9,1,green/grey,0,0,0,0,NA,1,0,NA,NA
38,50,B,1,212,234.3872134,50B1,2,13.5,1,green/grey,0,0,0,0,NA,0,0,NA,NA
39,50,B,1,212,234.3872134,50B1,5,11.8,1,green/grey,0,0,0,0,NA,0,0,NA,NA
40,50,B,1,212,234.3872134,50B1,6,9.5,1,green,0,0,0,0,NA,0,0,NA,NA
41,50,B,1,212,234.3872134,50B1,9,13,1,green/grey,0,0,0,0,NA,1,0,NA,NA
42,50,B,1,212,234.3872134,50B1,10,10.2,1,green,0,0,0,0,NA,1,0,NA,NA
43,50,B,1,212,234.3872134,50B1,3,6.2,1,green,0,0,0,0,NA,0,1,NA,NA
44,50,B,1,212,234.3872134,50B1,4,12,1,green/grey,0,0,0,0,NA,0,1,NA,NA
45,50,B,1,212,234.3872134,50B1,7,9.1,1,green,0,0,0,0,NA,0,1,NA,NA
46,50,B,1,212,234.3872134,50B1,8,10.6,1,green,0,0,0,0,NA,0,1,NA,NA
366,50,B,1,212,234.3872134,50B1,16,4.9,0,orange/red,1,0,0,0,NA,1,1,NA,NA
367,50,B,1,212,234.3872134,50B1,17,6.2,0,orange/red,1,0,0,0,NA,0,1,NA,NA
368,50,B,1,212,234.3872134,50B1,18,6.5,0,brown,1,0,0,0,NA,1,1,NA,NA
47,50,B,4,213,608.0003865,50B4,2,22,1,green/orange,0,0,0,0,NA,1,0,NA,NA
48,50,B,4,213,608.0003865,50B4,4,19.1,1,green,0,0,0,0,NA,1,0,NA,NA
49,50,B,4,213,608.0003865,50B4,5,22.8,1,green,0,0,0,0,NA,1,0,NA,NA
50,50,B,4,213,608.0003865,50B4,6,18.9,1,green/orange,0,0,0,0,NA,1,0,NA,NA
51,50,B,4,213,608.0003865,50B4,7,22.6,1,green,0,0,0,0,NA,0,0,NA,NA
52,50,B,4,213,608.0003865,50B4,8,27,1,green,0,0,0,0,NA,1,0,NA,NA
53,50,B,4,213,608.0003865,50B4,9,27.6,1,green,0,0,0,0,NA,1,0,NA,NA
54,50,B,4,213,608.0003865,50B4,10,22,1,green,0,0,0,0,NA,1,0,NA,NA
55,50,B,4,213,608.0003865,50B4,11,27,1,green,0,0,0,0,NA,1,0,NA,NA
56,50,B,4,213,608.0003865,50B4,12,27.1,1,green,0,0,0,0,NA,1,0,NA,NA
57,50,B,5,212,190.7200905,50B5,3,9.5,1,green,0,0,0,0,NA,1,0,NA,NA
58,50,B,5,212,190.7200905,50B5,4,25.5,1,green,0,0,0,0,NA,1,0,NA,NA
59,50,B,5,212,190.7200905,50B5,5,13.7,1,green,0,0,0,0,NA,1,0,NA,NA
60,50,B,5,212,190.7200905,50B5,9,14.6,1,green/orange,0,0,0,0,NA,NA,0,NA,NA
61,50,B,5,212,190.7200905,50B5,10,15.5,1,green/orange,0,0,0,0,NA,NA,0,NA,NA
62,50,B,5,212,190.7200905,50B5,11,23.5,1,green/orange,0,0,0,0,NA,NA,0,NA,NA
63,50,B,5,212,190.7200905,50B5,12,19.4,1,green,0,0,0,0,NA,NA,0,NA,NA
64,50,U,1,206,202.9787808,50U1,1,5.8,1,orange,0,0,0,0,NA,0,1,NA,NA
65,50,U,1,206,202.9787808,50U1,2,3.2,1,green/orange,0,0,0,0,NA,0,1,NA,NA
66,50,U,1,206,202.9787808,50U1,3,4.5,1,green,0,0,0,0,NA,1,1,NA,NA
371,50,U,1,206,202.9787808,50U1,4,6.2,1,green,1,0,0,0,NA,0,1,NA,NA
372,50,U,1,206,202.9787808,50U1,5,7.5,1,green,1,0,0,0,NA,0,1,NA,NA
373,50,U,1,206,202.9787808,50U1,9,4.1,0,black,1,0,0,0,NA,1,1,NA,NA
374,50,U,1,206,202.9787808,50U1,10,4.2,0,orange/red,1,0,0,0,NA,1,1,NA,NA
67,50,U,2,206,186.7377432,50U2,2,4.1,1,green,0,0,0,0,NA,0,1,NA,NA
68,50,U,2,206,186.7377432,50U2,3,8.1,1,green,0,0,0,0,NA,0,1,NA,NA
69,50,U,2,206,186.7377432,50U2,4,5.9,1,green,0,0,0,0,NA,1,0,NA,NA
70,50,U,2,206,186.7377432,50U2,5,5.7,1,green,0,0,0,0,NA,1,1,NA,NA
71,50,U,2,206,186.7377432,50U2,6,4,1,green,0,0,0,0,NA,1,0,NA,NA
72,50,U,2,206,186.7377432,50U2,10,6.8,1,green,0,0,0,0,NA,1,0,NA,NA
73,50,U,2,206,186.7377432,50U2,11,5.6,1,green,0,0,0,0,NA,1,0,NA,NA
74,50,U,2,206,186.7377432,50U2,12,7,1,green,0,0,0,0,NA,1,0,NA,NA
75,50,U,2,206,186.7377432,50U2,1,4.2,1,green,0,0,0,0,NA,1,1,NA,NA
76,50,U,2,206,186.7377432,50U2,7,4.6,1,green,0,0,0,0,NA,1,1,NA,NA
375,50,U,2,206,186.7377432,50U2,13,5.5,1,green,1,0,0,0,NA,1,1,NA,NA
77,50,U,3,207,138.9944374,50U3,1,8.5,1,green,0,0,0,0,NA,0,0,NA,NA
78,50,U,3,207,138.9944374,50U3,2,7.6,1,green/orange,0,0,0,0,NA,0,0,NA,NA
79,50,U,3,207,138.9944374,50U3,3,5,1,orange,0,0,0,0,NA,1,0,NA,NA
80,50,U,3,207,138.9944374,50U3,4,6.3,1,green/orange,0,0,0,0,NA,1,0,NA,NA
81,50,U,3,207,138.9944374,50U3,6,3.6,1,orange,0,0,0,0,NA,1,1,NA,NA
82,50,U,3,207,138.9944374,50U3,7,4.8,1,orange,0,0,0,0,NA,0,1,NA,NA
83,50,U,3,207,138.9944374,50U3,9,3.9,1,brown,0,0,0,0,NA,1,1,NA,NA
84,50,U,3,207,138.9944374,50U3,10,6.4,1,brown,0,0,0,0,NA,0,1,NA,NA
85,50,U,3,207,138.9944374,50U3,12,5.4,1,orange,0,0,0,0,NA,0,0,NA,NA
86,50,U,3,207,138.9944374,50U3,8,4.7,1,orange,0,0,0,0,NA,0,1,NA,NA
87,50,U,4,207,298.8636561,50U4,4,11.4,1,green,0,0,0,0,NA,1,0,NA,NA
88,50,U,4,207,298.8636561,50U4,6,10.1,1,green,0,0,0,0,NA,1,0,NA,NA
376,50,U,4,207,298.8636561,50U4,10,6.7,0,black,1,0,0,0,NA,1,1,NA,NA
377,50,U,4,207,298.8636561,50U4,11,5.7,0,black,1,0,1,0,NA,0,1,NA,NA
378,50,U,4,207,298.8636561,50U4,12,4.9,0,black,1,0,0,0,NA,1,1,NA,NA
89,60,B,1,180,164.5840277,60B1,2,7.9,1,green,0,0,0,0,NA,NA,0,NA,NA
90,60,B,1,180,164.5840277,60B1,3,6.9,1,green,0,0,0,0,NA,NA,0,NA,NA
91,60,B,1,180,164.5840277,60B1,4,5.9,1,green,0,0,0,0,NA,NA,0,NA,NA
92,60,B,1,180,164.5840277,60B1,5,9.5,1,green,0,0,0,0,NA,NA,0,NA,NA
93,60,B,1,180,164.5840277,60B1,9,11.9,1,green,0,0,0,0,NA,NA,0,NA,NA
94,60,B,1,180,164.5840277,60B1,10,8.7,1,green,0,0,0,0,NA,NA,0,NA,NA
95,60,B,1,180,164.5840277,60B1,11,14.5,1,green,0,0,0,0,NA,NA,0,NA,NA
96,60,B,1,180,164.5840277,60B1,12,11.4,1,green,0,0,0,0,NA,NA,0,NA,NA
97,60,B,1,180,164.5840277,60B1,14,6.4,1,green,0,0,0,0,NA,NA,0,NA,NA
98,60,B,1,180,164.5840277,60B1,15,10.4,1,green,0,0,0,0,NA,NA,0,NA,NA
99,60,B,2,184,766.3914875,60B2,2,4.4,1,green,0,0,0,0,NA,1,0,NA,NA
100,60,B,2,184,766.3914875,60B2,3,5.8,1,green,0,0,0,0,NA,0,0,NA,NA
101,60,B,2,184,766.3914875,60B2,4,6.7,1,green,0,0,0,0,NA,1,0,NA,NA
102,60,B,2,184,766.3914875,60B2,5,6,1,green,0,0,0,0,NA,0,0,NA,NA
103,60,B,2,184,766.3914875,60B2,6,7.9,1,green,0,0,1,0,NA,1,1,NA,NA
104,60,B,2,184,766.3914875,60B2,7,9.5,1,green,0,0,0,0,NA,1,0,NA,NA
105,60,B,2,184,766.3914875,60B2,8,11.5,1,green,0,0,1,0,NA,NA,1,NA,NA
106,60,B,2,184,766.3914875,60B2,9,10,1,green,0,0,0,0,NA,NA,0,NA,NA
107,60,B,2,184,766.3914875,60B2,10,7.3,1,green,0,0,0,0,NA,NA,0,NA,NA
108,60,B,2,184,766.3914875,60B2,1,4.6,1,green,0,0,0,0,NA,NA,1,NA,NA
109,60,B,2,184,766.3914875,60B2,15,4.7,1,green,0,0,0,0,NA,NA,1,NA,NA
379,60,B,2,184,766.3914875,60B2,11,2,0,black,1,0,1,0,NA,1,1,NA,NA
380,60,B,2,184,766.3914875,60B2,12,4.4,0,black,1,0,0,0,NA,1,1,NA,NA
381,60,B,2,184,766.3914875,60B2,13,3.5,0,black,1,0,0,0,NA,1,1,NA,NA
382,60,B,2,184,766.3914875,60B2,14,3,0,black,1,0,0,0,NA,1,1,NA,NA
110,60,B,5,179,214.8491997,60B5,1,13.9,1,green,0,0,0,0,NA,1,0,NA,NA
111,60,B,5,179,214.8491997,60B5,5,3,1,green,0,0,0,0,NA,1,0,NA,NA
112,60,B,5,179,214.8491997,60B5,7,6.8,1,green,0,0,0,0,NA,1,0,NA,NA
113,60,B,5,179,214.8491997,60B5,9,6.1,1,green,0,0,0,0,NA,1,0,NA,NA
114,60,B,5,179,214.8491997,60B5,10,7.5,1,green,0,0,0,0,NA,0,0,NA,NA
115,60,B,5,179,214.8491997,60B5,11,11.4,1,green,0,0,0,0,NA,1,0,NA,NA
116,60,B,5,179,214.8491997,60B5,12,5.7,1,green,0,0,0,0,NA,1,0,NA,NA
117,60,B,5,179,214.8491997,60B5,13,6.5,1,green,0,0,0,0,NA,1,0,NA,NA
118,60,B,5,179,214.8491997,60B5,14,6.2,1,green,0,0,0,0,NA,1,0,NA,NA
119,60,B,5,179,214.8491997,60B5,15,9.9,1,green,0,0,0,0,NA,1,0,NA,NA
120,60,B,6,191,373.2879963,60B6,1,8.1,1,green,0,0,0,0,NA,0,0,NA,NA
121,60,B,6,191,373.2879963,60B6,5,17.9,1,green,0,0,0,0,NA,1,0,NA,NA
122,60,B,6,191,373.2879963,60B6,6,8.3,1,green,0,0,0,0,NA,1,0,NA,NA
123,60,B,6,191,373.2879963,60B6,7,8.7,1,green,0,0,0,0,NA,1,0,NA,NA
124,60,B,6,191,373.2879963,60B6,8,17,1,green,0,0,0,0,NA,1,0,NA,NA
125,60,B,6,191,373.2879963,60B6,11,9.6,1,green,0,0,0,0,NA,1,0,NA,NA
126,60,B,6,191,373.2879963,60B6,12,2.6,1,green,0,0,0,0,NA,1,0,NA,NA
128,60,B,6,191,373.2879963,60B6,18,5,1,green,0,0,0,0,NA,1,1,NA,NA
129,60,B,6,191,373.2879963,60B6,2,3.8,1,green,0,0,0,0,NA,1,1,NA,NA
130,60,B,6,191,373.2879963,60B6,3,4,1,green,0,0,0,0,NA,1,1,NA,NA
131,60,B,6,191,373.2879963,60B6,17,4.7,0,black,0,0,0,0,NA,1,0,NA,NA
383,60,B,6,191,373.2879963,60B6,19,3,0,black,1,0,0,0,NA,1,1,NA,NA
384,60,B,6,191,373.2879963,60B6,20,3.2,0,orange/red,1,0,0,0,NA,1,1,NA,NA
133,60,C,3,186,229.6041878,60C3,11,13.3,1,green/orange,0,0,1,0,NA,0,1,NA,NA
134,60,C,3,186,229.6041878,60C3,13,23.1,1,green,0,0,1,0,NA,0,1,NA,NA
135,60,C,3,186,229.6041878,60C3,14,17.3,1,green/orange,0,0,0,0,NA,0,1,NA,NA
136,60,C,3,186,229.6041878,60C3,15,24.4,1,green/orange,0,0,0,0,NA,0,1,NA,NA
137,60,C,4,186,475.0177481,60C4,11,8.3,1,green,0,0,0,0,NA,1,0,NA,NA
138,60,C,4,186,475.0177481,60C4,12,6.2,1,orange,0,0,0,0,NA,1,0,NA,NA
139,60,C,4,186,475.0177481,60C4,13,5.7,1,green,0,0,0,0,NA,1,0,NA,NA
140,60,C,4,186,475.0177481,60C4,14,6.8,1,orange,0,0,0,0,NA,0,0,NA,NA
386,60,C,4,186,475.0177481,60C4,15,6,0,orange/red,1,0,1,0,NA,1,1,NA,NA
141,60,C,7,191,355.8487553,60C7,12,6.7,1,green,0,0,0,0,NA,1,1,NA,NA
142,60,C,7,191,355.8487553,60C7,14,6.7,1,green,0,0,0,0,NA,1,0,NA,NA
387,60,C,7,191,355.8487553,60C7,11,6.2,0,black,1,0,0,0,NA,1,1,NA,NA
388,60,C,7,191,355.8487553,60C7,15,5.4,0,black,1,0,0,0,NA,1,1,NA,NA
144,60,M,1,191,156.5592014,60M1,21,4.3,1,orange,0,0,0,0,NA,1,1,NA,NA
145,60,M,1,191,156.5592014,60M1,22,5,1,green,0,0,0,0,NA,1,1,NA,NA
146,60,M,1,190,156.5592014,60M1,2,4.8,1,green/orange,0,0,0,0,NA,1,1,NA,NA
147,60,M,1,190,156.5592014,60M1,6,6.4,1,green,0,0,0,0,NA,1,1,NA,NA
148,60,M,1,190,156.5592014,60M1,9,7.2,1,green,0,0,0,0,NA,1,1,NA,NA
149,60,M,1,190,156.5592014,60M1,11,3.8,1,green,0,0,0,0,NA,1,1,NA,NA
150,60,M,1,190,156.5592014,60M1,15,5.7,1,green/grey,0,0,0,0,NA,1,1,NA,NA
151,60,M,1,190,156.5592014,60M1,16,7,1,green,0,0,1,0,NA,0,1,NA,NA
152,60,M,1,190,156.5592014,60M1,17,7.1,1,green,0,0,0,0,NA,0,1,NA,NA
153,60,M,1,190,156.5592014,60M1,18,8.4,1,green/orange,0,0,0,0,NA,0,1,NA,NA
154,60,M,1,190,156.5592014,60M1,19,11.7,1,green,0,0,0,0,NA,0,1,NA,NA
155,60,M,1,190,156.5592014,60M1,20,6.2,1,green/orange,0,0,0,0,NA,0,1,NA,NA
156,60,M,1,190,156.5592014,60M1,23,2.8,0,black,0,0,0,0,NA,0,0,NA,NA
157,60,M,1,190,156.5592014,60M1,24,4.8,0,orange/red,0,0,0,0,NA,0,0,NA,NA
158,60,M,1,190,156.5592014,60M1,25,5.5,0,orange/red,0,0,0,0,NA,0,0,NA,NA
159,60,M,4,175,1318.427381,60M4,1,8.4,1,green,0,0,0,0,NA,0,0,NA,NA
160,60,M,4,175,1318.427381,60M4,14,8.2,1,green,0,0,0,0,NA,1,0,NA,NA
161,60,M,4,175,1318.427381,60M4,2,5.6,1,green/orange,0,0,0,0,NA,1,1,NA,NA
162,60,M,4,175,1318.427381,60M4,3,8.3,1,green,0,0,0,0,NA,1,1,NA,NA
163,60,M,4,175,1318.427381,60M4,4,12.9,1,green,0,0,0,0,NA,0,1,NA,NA
164,60,M,4,175,1318.427381,60M4,13,10.2,1,green,0,0,0,0,NA,0,1,NA,NA
165,60,M,4,175,1318.427381,60M4,17,12.3,1,green,0,0,0,0,NA,1,1,NA,NA
166,60,M,4,175,1318.427381,60M4,18,9.8,1,green,0,0,0,0,NA,0,1,NA,NA
389,60,M,4,175,1318.427381,60M4,21,NA,0,orange/red,1,0,0,0,NA,0,1,NA,NA
167,60,M,5,183,367.7143523,60M5,1,10.5,1,green,0,0,0,0,NA,1,0,NA,NA
168,60,M,5,183,367.7143523,60M5,7,5.8,1,green,0,0,0,0,NA,1,0,NA,NA
169,60,M,5,183,367.7143523,60M5,8,6.9,1,green/orange,0,0,0,0,NA,1,0,NA,NA
170,60,M,5,183,367.7143523,60M5,9,7.2,1,green,0,0,0,0,NA,1,0,NA,NA
171,60,M,5,183,367.7143523,60M5,10,9.1,1,green,0,0,0,0,NA,1,0,NA,NA
172,60,M,5,183,367.7143523,60M5,12,6.4,1,green/grey,0,0,0,0,NA,1,0,NA,NA
173,60,M,5,183,367.7143523,60M5,12,12,1,green,0,0,0,0,NA,1,0,NA,NA
174,60,M,5,183,367.7143523,60M5,16,8.1,1,green/grey,0,0,0,0,NA,1,0,NA,NA
175,60,M,5,183,367.7143523,60M5,18,8.4,1,green,0,0,0,0,NA,1,0,NA,NA
176,60,M,5,183,367.7143523,60M5,20,5.6,1,green,0,0,0,0,NA,1,0,NA,NA
177,60,M,6,191,547.9144516,60M6,1,5.8,1,green,0,0,0,0,NA,0,0,NA,NA
178,60,M,6,191,547.9144516,60M6,2,9.5,1,green,0,0,0,0,NA,1,0,NA,NA
179,60,M,6,191,547.9144516,60M6,3,11.3,1,green,0,0,1,0,NA,1,1,NA,NA
180,60,M,6,191,547.9144516,60M6,7,7.3,1,green,0,0,0,0,NA,0,0,NA,NA
181,60,M,6,191,547.9144516,60M6,11,4.7,1,green,0,0,0,0,NA,0,0,NA,NA
182,60,M,6,191,547.9144516,60M6,12,6.9,1,green/orange,0,0,0,0,NA,1,0,NA,NA
183,60,M,6,191,547.9144516,60M6,14,9.4,1,green,0,0,0,0,NA,0,0,NA,NA
184,60,M,6,191,547.9144516,60M6,17,11.5,1,green,0,1,1,0,NA,0,1,NA,NA
185,60,M,6,191,547.9144516,60M6,19,12.5,1,green,0,0,0,0,NA,0,0,NA,NA
186,60,M,6,191,547.9144516,60M6,16,2.7,0,brown,0,0,0,0,NA,0,0,NA,NA
187,60,M,7,192,616.1171866,60M7,2,10.9,1,green,0,0,0,0,NA,1,0,NA,NA
188,60,M,7,192,616.1171866,60M7,5,9.2,1,green,0,0,0,0,NA,1,0,NA,NA
189,60,M,7,192,616.1171866,60M7,6,7.3,1,green,0,0,0,0,NA,0,0,NA,NA
190,60,M,7,192,616.1171866,60M7,8,10.5,1,green,0,0,0,0,NA,0,0,NA,NA
191,60,M,7,192,616.1171866,60M7,10,8.8,1,green,0,0,0,0,NA,1,0,NA,NA
192,60,M,7,192,616.1171866,60M7,11,6.4,1,green,0,0,0,0,NA,1,0,NA,NA
193,60,M,7,192,616.1171866,60M7,13,6,1,green,0,0,0,0,NA,1,0,NA,NA
194,60,M,7,192,616.1171866,60M7,14,5.8,1,green,0,0,0,0,NA,1,0,NA,NA
195,60,M,7,192,616.1171866,60M7,15,5.2,1,green,0,0,0,0,NA,1,0,NA,NA
196,60,M,7,192,616.1171866,60M7,17,4.9,1,green/orange,0,0,0,0,NA,1,1,NA,NA
197,60,M,7,192,616.1171866,60M7,19,4,1,green/grey,0,0,0,0,NA,1,1,NA,NA
198,60,M,7,192,616.1171866,60M7,7,3.1,1,green,0,0,0,0,NA,1,1,NA,NA
199,60,M,7,192,616.1171866,60M7,16,5.5,1,green/grey,0,0,0,0,NA,1,1,NA,NA
200,60,M,7,192,616.1171866,60M7,18,3.7,0,black,0,0,0,0,NA,0,0,NA,NA
392,60,M,7,192,616.1171866,60M7,20,2.2,0,black,1,0,0,0,NA,0,1,NA,NA
201,60,M,8,193,393.7562131,60M8,1,11,1,green,0,0,0,0,NA,1,0,NA,NA
202,60,M,8,193,393.7562131,60M8,2,12.5,1,green,0,0,0,0,NA,1,0,NA,NA
203,60,M,8,193,393.7562131,60M8,3,5.3,1,green,0,0,0,0,NA,1,0,NA,NA
204,60,M,8,193,393.7562131,60M8,4,8.6,1,green,0,0,0,0,NA,0,0,NA,NA
205,60,M,8,193,393.7562131,60M8,5,6.1,1,green,0,0,0,0,NA,1,0,NA,NA
206,60,M,8,193,393.7562131,60M8,6,9.3,1,green,0,0,0,0,NA,1,0,NA,NA
207,60,M,8,193,393.7562131,60M8,7,7.6,1,green,0,0,0,0,NA,1,0,NA,NA
208,60,M,8,193,393.7562131,60M8,10,10.9,1,green,0,0,0,0,NA,1,0,NA,NA
209,60,M,8,193,393.7562131,60M8,11,11.2,1,green,0,0,0,0,NA,1,0,NA,NA
210,60,M,8,193,393.7562131,60M8,13,8.8,1,green,0,0,0,0,NA,1,0,NA,NA
211,60,U,2,184,347.2587198,60U2,1,7.3,1,green,0,0,0,0,NA,NA,1,NA,NA
212,60,U,2,184,347.2587198,60U2,2,14.5,1,green,0,0,0,0,NA,NA,1,NA,NA
213,60,U,2,184,347.2587198,60U2,3,6.5,1,green,0,0,0,0,NA,NA,1,NA,NA
214,60,U,2,184,347.2587198,60U2,4,13.3,1,green,0,0,0,0,NA,NA,1,NA,NA
215,60,U,2,184,347.2587198,60U2,5,11,1,green,0,0,0,0,NA,NA,1,NA,NA
216,60,U,2,184,347.2587198,60U2,6,9.7,1,green,0,0,0,0,NA,NA,1,NA,NA
217,60,U,2,184,347.2587198,60U2,7,5.8,1,green,0,0,0,0,NA,NA,1,NA,NA
218,60,U,2,184,347.2587198,60U2,8,8.3,1,green,0,0,0,0,NA,NA,1,NA,NA
219,60,U,2,184,347.2587198,60U2,9,7.9,1,green,0,0,0,0,NA,NA,1,NA,NA
220,60,U,2,184,347.2587198,60U2,10,6.8,1,green,0,0,0,0,NA,NA,1,NA,NA
221,60,U,2,184,347.2587198,60U2,13,5.2,0,black,0,0,0,0,NA,NA,0,NA,NA
222,60,U,2,184,347.2587198,60U2,12,4.7,1,green/grey,0,0,0,0,NA,NA,1,NA,NA
223,60,U,2,184,347.2587198,60U2,14,6.9,1,green,0,0,1,0,NA,NA,1,NA,NA
224,60,U,2,184,347.2587198,60U2,15,5.3,1,green/orange,0,0,0,0,NA,NA,0,NA,NA
225,90,B,2,205,505.5550764,90B2,13,5.3,1,green,0,0,0,0,NA,0,0,NA,NA
227,90,B,5,164,367.6821746,90B5,1,3.1,1,green,0,0,0,0,NA,0,0,NA,NA
229,90,B,5,164,367.6821746,90B5,5,8.6,1,green,0,0,0,0,NA,0,0,NA,NA
231,90,B,5,164,367.6821746,90B5,4,4.6,1,green,0,0,0,0,NA,0,1,NA,NA
233,90,B,5,164,367.6821746,90B5,7,4.2,1,green/grey,0,0,0,0,NA,0,1,NA,NA
234,90,B,5,164,367.6821746,90B5,8,6.5,1,green,0,0,0,0,NA,0,1,NA,NA
235,90,B,5,164,367.6821746,90B5,10,2.5,1,green,0,0,0,0,NA,0,1,NA,NA
236,90,B,5,164,367.6821746,90B5,6,2.4,1,green,0,0,0,0,NA,0,0,NA,NA
237,90,C,10,178,497.5700894,90C10,1,2.4,1,green,0,0,0,0,NA,NA,0,NA,NA
238,90,C,10,178,497.5700894,90C10,2,2.6,1,green,0,0,0,0,NA,NA,0,NA,NA
239,90,C,10,178,497.5700894,90C10,8,3.1,1,green,0,0,0,0,NA,NA,0,NA,NA
240,90,C,10,178,497.5700894,90C10,10,2.3,1,green/orange,0,0,0,0,NA,NA,0,NA,NA
241,90,C,10,178,497.5700894,90C10,11,7.5,1,green,0,0,0,0,NA,NA,0,NA,NA
242,90,C,10,178,497.5700894,90C10,3,1.6,1,green,0,0,0,0,NA,NA,1,NA,NA
243,90,C,10,178,497.5700894,90C10,7,2.1,1,green/orange,0,0,0,0,NA,NA,1,NA,NA
244,90,C,11,204,287.1228326,90C11,12,9,1,green,0,0,0,0,NA,0,0,NA,NA
245,90,C,11,204,287.1228326,90C11,14,6.3,1,green,0,0,0,0,NA,0,0,NA,NA
246,90,C,11,204,287.1228326,90C11,15,5.1,1,green,0,0,0,0,NA,0,0,NA,NA
247,90,C,11,204,287.1228326,90C11,11,2.7,1,green/orange,0,0,0,0,NA,0,1,NA,NA
248,90,C,11,204,287.1228326,90C11,13,3,1,green/orange,0,0,0,0,NA,0,1,NA,NA
249,90,C,7,172,1101.938115,90C7,13,5.3,1,green,0,0,0,0,NA,0,1,NA,NA
250,90,C,7,172,1101.938115,90C7,14,1.8,1,green/orange,0,0,0,0,NA,0,1,NA,NA
251,90,C,7,172,1101.938115,90C7,12,0.9,1,green,0,0,0,0,NA,0,0,NA,NA
252,90,C,7,172,1101.938115,90C7,11,9.1,1,green,0,0,0,0,NA,0,0,NA,NA
253,90,C,7,172,1101.938115,90C7,15,1.3,1,green/orange,0,0,0,0,NA,0,0,NA,NA
254,90,C,9,178,370.5484991,90C9,21,2.1,1,green,0,0,0,0,NA,0,0,NA,NA
255,90,C,9,178,370.5484991,90C9,23,2.6,1,green,0,0,0,0,NA,0,0,NA,NA
256,90,C,9,178,370.5484991,90C9,24,1.1,1,green,0,0,0,0,NA,0,0,NA,NA
257,90,C,9,178,370.5484991,90C9,25,2,1,green,0,0,0,0,NA,0,0,NA,NA
394,90,C,9,178,370.5484991,90C9,22,1.2,0,brown,1,0,0,0,NA,0,1,NA,NA
258,90,M,1,170,311.788644,90M1,1,4.3,1,green,0,0,0,0,NA,0,0,NA,NA
259,90,M,1,170,311.788644,90M1,2,1.8,1,green,0,0,0,0,NA,0,0,NA,NA
260,90,M,1,170,311.788644,90M1,3,5.2,1,green,0,0,0,0,NA,0,0,NA,NA
261,90,M,1,170,311.788644,90M1,4,4.3,1,green,0,0,0,0,NA,NA,0,NA,NA
262,90,M,1,170,311.788644,90M1,5,1.8,1,green,0,0,0,0,NA,NA,0,NA,NA
263,90,M,1,170,311.788644,90M1,6,2.3,1,green,0,0,0,0,NA,NA,0,NA,NA
264,90,M,1,170,311.788644,90M1,7,5.2,1,green,0,0,0,0,NA,NA,0,NA,NA
265,90,M,1,170,311.788644,90M1,8,2.2,1,green,0,0,0,0,NA,NA,0,NA,NA
266,90,M,1,170,311.788644,90M1,9,5.6,1,green,0,0,0,0,NA,NA,0,NA,NA
267,90,M,1,170,311.788644,90M1,10,4.4,1,green,0,0,0,0,NA,NA,0,NA,NA
268,90,M,1,170,311.788644,90M1,11,4.7,1,green,0,0,0,0,NA,NA,1,NA,NA
269,90,M,1,170,311.788644,90M1,13,6.3,1,green,0,1,1,0,NA,NA,1,NA,NA
270,90,M,1,170,311.788644,90M1,15,1.2,0,orange,0,0,0,0,NA,NA,0,NA,NA
395,90,M,1,170,311.788644,90M1,12,1.6,0,orange,1,0,0,0,NA,NA,1,NA,NA
396,90,M,1,170,311.788644,90M1,14,1.8,0,orange,1,0,0,0,NA,NA,1,NA,NA
271,90,M,2,171,661.1081518,90M2,6,4.7,1,green,0,0,0,0,NA,NA,0,NA,NA
272,90,M,2,171,661.1081518,90M2,13,7.9,1,green,0,0,0,0,NA,NA,0,NA,NA
273,90,M,2,171,661.1081518,90M2,14,4.4,1,green,0,0,0,0,NA,NA,0,NA,NA
274,90,M,2,171,661.1081518,90M2,15,5.6,1,green,0,0,0,0,NA,NA,0,NA,NA
275,90,M,2,171,661.1081518,90M2,16,6.3,1,green,0,0,0,0,NA,NA,0,NA,NA
276,90,M,2,171,661.1081518,90M2,17,6.9,1,green,0,0,0,0,NA,NA,0,NA,NA
277,90,M,2,171,661.1081518,90M2,18,4.1,1,green,0,0,0,0,NA,NA,0,NA,NA
278,90,M,2,171,661.1081518,90M2,19,9.2,1,green,0,0,0,0,NA,NA,0,NA,NA
279,90,M,2,171,661.1081518,90M2,20,6.5,1,green,0,0,0,0,NA,NA,0,NA,NA
280,90,M,2,171,661.1081518,90M2,12,3.9,1,green,0,0,0,0,NA,NA,1,NA,NA
281,90,M,3,171,624.8260704,90M3,11,5.8,1,green,0,0,0,0,NA,NA,0,NA,NA
282,90,M,3,171,624.8260704,90M3,12,8.1,1,green,0,0,0,0,NA,NA,0,NA,NA
283,90,M,3,171,624.8260704,90M3,13,6.2,1,green,0,0,0,0,NA,NA,0,NA,NA
284,90,M,3,171,624.8260704,90M3,14,2.8,1,green,0,0,0,0,NA,NA,0,NA,NA
285,90,M,3,171,624.8260704,90M3,15,5,1,green,0,0,0,0,NA,NA,0,NA,NA
286,90,M,3,171,624.8260704,90M3,16,7.2,1,green,0,0,0,0,NA,NA,0,NA,NA
287,90,M,3,171,624.8260704,90M3,17,3.8,1,green,0,0,0,0,NA,NA,0,NA,NA
288,90,M,3,171,624.8260704,90M3,18,2.9,1,green,0,0,0,0,NA,NA,0,NA,NA
289,90,M,3,171,624.8260704,90M3,19,1.8,1,green,0,0,0,0,NA,NA,0,NA,NA
290,90,M,3,171,624.8260704,90M3,20,11.2,1,green,0,0,0,0,NA,NA,0,NA,NA
291,90,M,5,170,689.6123487,90M5,21,5.4,1,green,0,0,0,0,NA,0,0,NA,NA
292,90,M,5,170,689.6123487,90M5,22,3.4,1,green,0,0,0,0,NA,0,0,NA,NA
293,90,M,5,170,689.6123487,90M5,24,3.5,1,green,0,0,0,0,NA,1,0,NA,NA
294,90,M,5,170,689.6123487,90M5,25,3,1,green,0,0,0,0,NA,1,0,NA,NA
295,90,M,5,170,689.6123487,90M5,23,3.2,1,green,0,0,0,0,NA,1,1,NA,NA
356,90,M,6,151,184.6078386,90M6,1,NA,1,green,0,0,0,0,NA,NA,0,NA,NA
357,90,M,6,151,184.6078386,90M6,2,NA,1,green,0,0,0,0,NA,NA,0,NA,NA
358,90,M,6,151,184.6078386,90M6,6,NA,1,green,0,0,0,0,NA,NA,0,NA,NA
359,90,M,6,151,184.6078386,90M6,9,NA,1,green,0,0,0,0,NA,NA,0,NA,NA
360,90,M,6,151,184.6078386,90M6,12,NA,1,green,0,0,0,0,NA,NA,0,NA,NA
361,90,M,6,151,184.6078386,90M6,14,NA,1,green,0,0,0,0,NA,NA,0,NA,NA
362,90,M,6,151,184.6078386,90M6,15,NA,1,green,0,0,0,0,NA,NA,0,NA,NA
363,90,M,6,151,184.6078386,90M6,18,NA,1,green,0,0,0,0,NA,NA,0,NA,NA
364,90,M,6,151,184.6078386,90M6,19,NA,1,green,0,0,0,0,NA,NA,0,NA,NA
365,90,M,6,151,184.6078386,90M6,20,NA,1,green,0,0,0,0,NA,NA,0,NA,NA
296,90,M,7,171,543.408807,90M7,11,5.3,1,green,0,0,0,0,NA,1,0,NA,NA
297,90,M,7,171,543.408807,90M7,14,8.1,1,green,0,0,0,0,NA,1,0,NA,NA
298,90,M,7,171,543.408807,90M7,12,1.2,0,orange,0,0,0,0,NA,0,0,NA,NA
299,90,M,7,171,543.408807,90M7,15,1.1,0,black,0,0,0,0,NA,0,0,NA,NA
397,90,M,7,171,543.408807,90M7,13,1.6,0,black,1,0,0,0,NA,0,1,NA,NA
300,90,U,1,172,166.7923445,90U1,11,1.3,1,green,0,0,0,0,NA,NA,0,NA,NA
301,90,U,1,172,166.7923445,90U1,14,1.3,1,green/grey,0,0,0,0,NA,NA,0,NA,NA
302,90,U,1,172,166.7923445,90U1,15,1.2,1,green,0,0,0,0,NA,NA,0,NA,NA
303,90,U,1,172,166.7923445,90U1,16,5.2,1,green,0,0,0,0,NA,1,0,NA,NA
304,90,U,1,172,166.7923445,90U1,17,2,1,green,0,0,0,0,NA,0,0,NA,NA
305,90,U,1,172,166.7923445,90U1,20,1.6,1,green,0,0,0,0,NA,0,0,NA,NA
306,90,U,1,172,166.7923445,90U1,1,1.6,1,green,0,0,0,0,NA,0,1,NA,NA
307,90,U,1,172,166.7923445,90U1,4,1.8,1,green,0,0,0,0,NA,0,1,NA,NA
308,90,U,1,172,166.7923445,90U1,18,1.4,1,orange,0,0,0,0,NA,0,1,NA,NA
309,90,U,1,172,166.7923445,90U1,19,1.9,1,green/orange,0,0,0,0,NA,0,1,NA,NA
310,90,U,2,172,449.5198402,90U2,4,1.9,1,green,0,0,0,0,NA,0,0,NA,NA
311,90,U,2,172,449.5198402,90U2,6,1.1,1,green,0,0,0,0,NA,0,0,NA,NA
312,90,U,2,172,449.5198402,90U2,8,1,1,green,0,0,0,0,NA,0,0,NA,NA
313,90,U,2,172,449.5198402,90U2,9,2.3,1,green,0,0,0,0,NA,0,0,NA,NA
314,90,U,2,172,449.5198402,90U2,12,0.5,1,green,0,0,0,0,NA,0,0,NA,NA
315,90,U,2,172,449.5198402,90U2,13,1,1,green,0,0,0,0,NA,0,0,NA,NA
316,90,U,2,172,449.5198402,90U2,15,0.8,1,green,0,0,0,0,NA,0,0,NA,NA
317,90,U,2,172,449.5198402,90U2,19,0.7,1,green,0,0,0,0,NA,0,0,NA,NA
318,90,U,2,172,449.5198402,90U2,20,0.8,1,green,0,0,0,0,NA,0,0,NA,NA
319,90,U,2,172,449.5198402,90U2,2,1.5,1,green/orange,0,0,0,0,NA,0,1,NA,NA
320,90,U,3,169,457.3661703,90U3,1,4.5,1,green,0,0,0,0,NA,1,0,NA,NA
321,90,U,3,169,457.3661703,90U3,2,4,1,green,0,0,0,0,NA,0,0,NA,NA
322,90,U,3,169,457.3661703,90U3,4,3.2,1,green,0,0,0,0,NA,1,0,NA,NA
323,90,U,3,169,457.3661703,90U3,5,6.4,1,green,0,0,0,0,NA,1,0,NA,NA
324,90,U,3,169,457.3661703,90U3,6,6.2,1,green,0,0,0,0,NA,1,0,NA,NA
325,90,U,3,169,457.3661703,90U3,7,5.7,1,green,0,0,0,0,NA,1,0,NA,NA
326,90,U,3,169,457.3661703,90U3,8,2.5,1,green,0,0,0,0,NA,1,0,NA,NA
327,90,U,3,169,457.3661703,90U3,9,4,1,green,0,0,0,0,NA,0,0,NA,NA
328,90,U,3,169,457.3661703,90U3,10,5.1,1,green,0,0,0,0,NA,0,0,NA,NA
329,90,U,3,169,457.3661703,90U3,3,3.6,1,green,0,0,0,0,NA,1,1,NA,NA
330,90,U,4,165,500.2062126,90U4,1,1.4,1,green,0,0,0,0,NA,1,0,NA,NA
331,90,U,4,165,500.2062126,90U4,2,1.3,1,green,0,0,0,0,NA,1,0,NA,NA
332,90,U,4,165,500.2062126,90U4,3,1.9,1,green,0,0,0,0,NA,1,0,NA,NA
333,90,U,4,165,500.2062126,90U4,4,1.9,1,green,0,0,0,0,NA,1,1,NA,NA
334,90,U,4,165,500.2062126,90U4,5,0.9,1,green,0,0,0,0,NA,1,1,NA,NA
335,90,U,4,165,500.2062126,90U4,8,2.3,1,green,0,0,0,0,NA,1,1,NA,NA
336,90,U,4,165,500.2062126,90U4,9,1.6,1,green,0,0,0,0,NA,1,1,NA,NA
337,90,U,4,165,500.2062126,90U4,10,2.6,1,green,0,0,0,0,NA,1,1,NA,NA
399,90,U,4,165,500.2062126,90U4,7,2.6,1,green,1,0,0,0,NA,1,1,NA,NA
338,90,U,5,166,637.9902067,90U5,3,3.6,1,green,0,0,0,0,NA,0,0,NA,NA
339,90,U,5,166,637.9902067,90U5,7,3.2,1,green,0,0,0,0,NA,0,0,NA,NA
340,90,U,5,166,637.9902067,90U5,15,4,1,green,0,0,0,0,NA,0,0,NA,NA
341,90,U,5,166,637.9902067,90U5,5,2.8,1,green/orange,0,0,0,0,NA,0,0,NA,NA
342,90,U,5,166,637.9902067,90U5,10,2.5,1,green,0,0,0,0,NA,0,1,NA,NA
343,90,U,5,166,637.9902067,90U5,13,3,1,green,0,0,0,0,NA,0,0,NA,NA
344,90,U,5,166,637.9902067,90U5,14,7.1,1,green,0,0,0,0,NA,0,0,NA,NA
345,90,U,6,169,621.2947634,90U6,1,4.2,1,green,0,0,0,0,NA,1,0,NA,NA
346,90,U,6,169,621.2947634,90U6,3,7.5,1,green,0,0,0,0,NA,0,0,NA,NA
347,90,U,6,169,621.2947634,90U6,4,5.3,1,green,0,0,0,0,NA,1,0,NA,NA
348,90,U,6,169,621.2947634,90U6,5,4.8,1,green,0,0,0,0,NA,1,0,NA,NA
349,90,U,6,169,621.2947634,90U6,7,4.3,1,green,0,0,0,0,NA,1,0,NA,NA
350,90,U,6,169,621.2947634,90U6,6,6.5,1,green,0,0,0,0,NA,0,0,NA,NA
351,90,U,6,169,621.2947634,90U6,10,2.2,1,green,0,0,0,0,NA,0,0,NA,NA
352,90,U,6,169,621.2947634,90U6,12,4.3,1,green,0,0,0,0,NA,1,0,NA,NA
353,90,U,6,169,621.2947634,90U6,14,5.9,1,green,0,0,0,0,NA,1,0,NA,NA
354,90,U,6,169,621.2947634,90U6,15,6.5,1,green,0,0,0,0,NA,1,0,NA,NA
400,XX,C,5,163,578.7252963,XXC5,11,6.3,0,orange/red,1,0,0,0,NA,0,1,NA,NA
355,XX,X,1,150,273.3305926,XXX1,31,12.3,0,black,0,0,0,0,NA,0,0,NA,NA
401,XX,X,1,150,273.3305926,XXX1,32,15.2,1,orange,1,0,1,0,NA,1,1,NA,NA
402,XX,X,1,150,273.3305926,XXX1,33,13.9,1,green,0,0,0,0,NA,1,0,NA,NA
403,XX,X,1,150,273.3305926,XXX1,34,15.8,1,green,0,0,0,0,NA,1,0,NA,NA
404,XX,X,1,150,273.3305926,XXX1,35,16.3,0,black,1,0,0,0,NA,0,1,NA,NA
